Problem ID,Problem Name,Submission ID,Rubric ID,Sub Rubric ID (Approach),AI Total Marks,AI Max Marks,AI Normalized (Out of 10),Human Raw Score,Human Normalized (Out of 10),Total Rubric Steps
P02,Last_index_of_One,compilation_error.java,Type_1_Original,Solution 1,2,4,5.0,2/4,5.0,4
P02,Last_index_of_One,compilation_error.java,Type_2_Agnostic,Solution 1,5,10,5.0,2/4,5.0,5
P02,Last_index_of_One,compilation_error.java,Type_3_Degraded_10,Solution 1,1,3,3.33,2/4,5.0,3
P02,Last_index_of_One,compilation_error.java,Type_4_Degraded_30,Solution 1,1,2,5.0,2/4,5.0,2
P02,Last_index_of_One,compilation_error.java,Type_5_Error_10,Solution 1,2,4,5.0,2/4,5.0,4
P02,Last_index_of_One,compilation_error.java,Type_6_Error_30,Solution 1,1,4,2.5,2/4,5.0,4
P02,Last_index_of_One,compilation_error.java,Type_7_Agnostic_Simple,Simple Agnostic Evaluation Rubric,3,10,3.0,2/4,5.0,2
P02,Last_index_of_One,correct_1.java,Type_1_Original,Solution 1,4,4,10.0,4/4,10.0,4
P02,Last_index_of_One,correct_1.java,Type_2_Agnostic,Solution 1,9,10,9.0,4/4,10.0,5
P02,Last_index_of_One,correct_1.java,Type_3_Degraded_10,Solution 1,3,3,10.0,4/4,10.0,3
P02,Last_index_of_One,correct_1.java,Type_4_Degraded_30,Solution 1,2,2,10.0,4/4,10.0,2
P02,Last_index_of_One,correct_1.java,Type_5_Error_10,Solution 1,4,4,10.0,4/4,10.0,4
P02,Last_index_of_One,correct_1.java,Type_6_Error_30,Solution 1,2,4,5.0,4/4,10.0,4
P02,Last_index_of_One,correct_1.java,Type_7_Agnostic_Simple,Simple Agnostic Evaluation Rubric,10,10,10.0,4/4,10.0,2
P02,Last_index_of_One,correct_2.java,Type_1_Original,Solution 1,4,4,10.0,4/4,10.0,4
P02,Last_index_of_One,correct_2.java,Type_2_Agnostic,Solution 1,10,10,10.0,4/4,10.0,5
P02,Last_index_of_One,correct_2.java,Type_3_Degraded_10,Solution 1,3,3,10.0,4/4,10.0,3
P02,Last_index_of_One,correct_2.java,Type_4_Degraded_30,Solution 1,2,2,10.0,4/4,10.0,2
P02,Last_index_of_One,correct_2.java,Type_5_Error_10,Solution 1,4,4,10.0,4/4,10.0,4
P02,Last_index_of_One,correct_2.java,Type_6_Error_30,Solution 1,2,4,5.0,4/4,10.0,4
P02,Last_index_of_One,correct_2.java,Type_7_Agnostic_Simple,Simple Agnostic Evaluation Rubric,10,10,10.0,4/4,10.0,2
P02,Last_index_of_One,correct_3.java,Type_1_Original,Solution 1,4,4,10.0,4/4,10.0,4
P02,Last_index_of_One,correct_3.java,Type_2_Agnostic,Solution 1,9,10,9.0,4/4,10.0,5
P02,Last_index_of_One,correct_3.java,Type_3_Degraded_10,Solution 1,3,3,10.0,4/4,10.0,3
P02,Last_index_of_One,correct_3.java,Type_4_Degraded_30,Solution 1,2,2,10.0,4/4,10.0,2
P02,Last_index_of_One,correct_3.java,Type_5_Error_10,Solution 1,4,4,10.0,4/4,10.0,4
P02,Last_index_of_One,correct_3.java,Type_6_Error_30,Solution 1,2,4,5.0,4/4,10.0,4
P02,Last_index_of_One,correct_3.java,Type_7_Agnostic_Simple,Simple Agnostic Evaluation Rubric,10,10,10.0,4/4,10.0,2
P02,Last_index_of_One,TLE.java,Type_1_Original,Solution 1,1,4,2.5,3/4,7.5,4
P02,Last_index_of_One,TLE.java,Type_2_Agnostic,Solution 1,5,10,5.0,3/4,7.5,5
P02,Last_index_of_One,TLE.java,Type_3_Degraded_10,Solution 1,2,3,6.67,3/4,7.5,3
P02,Last_index_of_One,TLE.java,Type_4_Degraded_30,Solution 1,0,2,0.0,3/4,7.5,2
P02,Last_index_of_One,TLE.java,Type_5_Error_10,Solution 1,1,4,2.5,3/4,7.5,4
P02,Last_index_of_One,TLE.java,Type_6_Error_30,Solution 1,1,4,2.5,3/4,7.5,4
P02,Last_index_of_One,TLE.java,Type_7_Agnostic_Simple,Simple Agnostic Evaluation Rubric,4,10,4.0,3/4,7.5,2
P02,Last_index_of_One,wrong.java,Type_1_Original,Solution 2,1,4,2.5,1/4,2.5,4
P02,Last_index_of_One,wrong.java,Type_2_Agnostic,Solution 1,5,10,5.0,1/4,2.5,5
P02,Last_index_of_One,wrong.java,Type_3_Degraded_10,Solution 2,0,3,0.0,1/4,2.5,3
P02,Last_index_of_One,wrong.java,Type_4_Degraded_30,Solution 2,1,2,5.0,1/4,2.5,2
P02,Last_index_of_One,wrong.java,Type_5_Error_10,Solution 2,1,4,2.5,1/4,2.5,4
P02,Last_index_of_One,wrong.java,Type_6_Error_30,Solution 1,2,4,5.0,1/4,2.5,4
P02,Last_index_of_One,wrong.java,Type_7_Agnostic_Simple,Simple Agnostic Evaluation Rubric,5,10,5.0,1/4,2.5,2
P03,Maximum_Subarray_Sum,compilation_error.java,Type_1_Original,Solution 3,0,0,0.0,3/4,7.5,0
P03,Maximum_Subarray_Sum,compilation_error.java,Type_2_Agnostic,Solution 1,6,10,6.0,3/4,7.5,5
P03,Maximum_Subarray_Sum,compilation_error.java,Type_3_Degraded_10,Solution 3,2,0,0.0,3/4,7.5,0
P03,Maximum_Subarray_Sum,compilation_error.java,Type_4_Degraded_30,Solution 3,0,0,0.0,3/4,7.5,0
P03,Maximum_Subarray_Sum,compilation_error.java,Type_5_Error_10,Solution 3,0,0,0.0,3/4,7.5,0
P03,Maximum_Subarray_Sum,compilation_error.java,Type_6_Error_30,Solution 3,1,4,2.5,3/4,7.5,4
P03,Maximum_Subarray_Sum,compilation_error.java,Type_7_Agnostic_Simple,Solution 1,3,10,3.0,3/4,7.5,2
P03,Maximum_Subarray_Sum,correct_1.java,Type_1_Original,Solution 3,4,0,0.0,4/4,10.0,0
P03,Maximum_Subarray_Sum,correct_1.java,Type_2_Agnostic,Solution 1,9,10,9.0,4/4,10.0,5
P03,Maximum_Subarray_Sum,correct_1.java,Type_3_Degraded_10,Solution 3,4,0,0.0,4/4,10.0,0
P03,Maximum_Subarray_Sum,correct_1.java,Type_4_Degraded_30,Solution 3,4,0,0.0,4/4,10.0,0
P03,Maximum_Subarray_Sum,correct_1.java,Type_5_Error_10,Solution 3,4,0,0.0,4/4,10.0,0
P03,Maximum_Subarray_Sum,correct_1.java,Type_6_Error_30,Solution 3,0,4,0.0,4/4,10.0,4
P03,Maximum_Subarray_Sum,correct_1.java,Type_7_Agnostic_Simple,Solution 1,10,10,10.0,4/4,10.0,2
P03,Maximum_Subarray_Sum,correct_2.java,Type_1_Original,Solution 3,3,0,0.0,4/4,10.0,0
P03,Maximum_Subarray_Sum,correct_2.java,Type_2_Agnostic,Solution 1,7,10,7.0,4/4,10.0,5
P03,Maximum_Subarray_Sum,correct_2.java,Type_3_Degraded_10,Solution 3,3,0,0.0,4/4,10.0,0
P03,Maximum_Subarray_Sum,correct_2.java,Type_4_Degraded_30,Solution 3,3,0,0.0,4/4,10.0,0
P03,Maximum_Subarray_Sum,correct_2.java,Type_5_Error_10,Solution 3,3,0,0.0,4/4,10.0,0
P03,Maximum_Subarray_Sum,correct_2.java,Type_6_Error_30,Solution 3,0,4,0.0,4/4,10.0,4
P03,Maximum_Subarray_Sum,correct_2.java,Type_7_Agnostic_Simple,Solution 1,8,10,8.0,4/4,10.0,2
P03,Maximum_Subarray_Sum,correct_3.java,Type_1_Original,Solution 3,4,0,0.0,4/4,10.0,0
P03,Maximum_Subarray_Sum,correct_3.java,Type_2_Agnostic,Solution 1,9,10,9.0,4/4,10.0,5
P03,Maximum_Subarray_Sum,correct_3.java,Type_3_Degraded_10,Solution 3,4,0,0.0,4/4,10.0,0
P03,Maximum_Subarray_Sum,correct_3.java,Type_4_Degraded_30,Solution 3,4,0,0.0,4/4,10.0,0
P03,Maximum_Subarray_Sum,correct_3.java,Type_5_Error_10,Solution 3,4,0,0.0,4/4,10.0,0
P03,Maximum_Subarray_Sum,correct_3.java,Type_6_Error_30,Solution 3,0,4,0.0,4/4,10.0,4
P03,Maximum_Subarray_Sum,correct_3.java,Type_7_Agnostic_Simple,Solution 1,10,10,10.0,4/4,10.0,2
P03,Maximum_Subarray_Sum,TLE.java,Type_1_Original,Solution 1,4,4,10.0,4/4,10.0,4
P03,Maximum_Subarray_Sum,TLE.java,Type_2_Agnostic,Brute Force O(n^2),6,10,6.0,4/4,10.0,5
P03,Maximum_Subarray_Sum,TLE.java,Type_3_Degraded_10,Solution 1,2,3,6.67,4/4,10.0,3
P03,Maximum_Subarray_Sum,TLE.java,Type_4_Degraded_30,Solution 1,2,2,10.0,4/4,10.0,2
P03,Maximum_Subarray_Sum,TLE.java,Type_5_Error_10,Solution 1,3,4,7.5,4/4,10.0,4
P03,Maximum_Subarray_Sum,TLE.java,Type_6_Error_30,Solution 1,0,4,0.0,4/4,10.0,4
P03,Maximum_Subarray_Sum,TLE.java,Type_7_Agnostic_Simple,Solution 1,5,10,5.0,4/4,10.0,2
P03,Maximum_Subarray_Sum,wrong.java,Type_1_Original,Solution 3,3,0,0.0,3/4,7.5,0
P03,Maximum_Subarray_Sum,wrong.java,Type_2_Agnostic,Solution 1,7,10,7.0,3/4,7.5,5
P03,Maximum_Subarray_Sum,wrong.java,Type_3_Degraded_10,Solution 3,3,0,0.0,3/4,7.5,0
P03,Maximum_Subarray_Sum,wrong.java,Type_4_Degraded_30,Solution 3,2,0,0.0,3/4,7.5,0
P03,Maximum_Subarray_Sum,wrong.java,Type_5_Error_10,Solution 3,3,0,0.0,3/4,7.5,0
P03,Maximum_Subarray_Sum,wrong.java,Type_6_Error_30,Solution 3,0,4,0.0,3/4,7.5,4
P03,Maximum_Subarray_Sum,wrong.java,Type_7_Agnostic_Simple,Solution 1,7,10,7.0,3/4,7.5,2
P04,Trapping_Rain_Water,compilation_error.java,Type_1_Original,Solution 1,10,8,10.0,10/10,10.0,7
P04,Trapping_Rain_Water,compilation_error.java,Type_2_Agnostic,Solution 1,9,10,9.0,10/10,10.0,5
P04,Trapping_Rain_Water,compilation_error.java,Type_3_Degraded_10,Solution 1,8,7,10.0,10/10,10.0,6
P04,Trapping_Rain_Water,compilation_error.java,Type_4_Degraded_30,Solution 1,6,5,10.0,10/10,10.0,5
P04,Trapping_Rain_Water,compilation_error.java,Type_5_Error_10,Solution 1,8,8,10.0,10/10,10.0,7
P04,Trapping_Rain_Water,compilation_error.java,Type_6_Error_30,Solution 1,6,10,6.0,10/10,10.0,9
P04,Trapping_Rain_Water,compilation_error.java,Type_7_Agnostic_Simple,Solution 1,10,10,10.0,10/10,10.0,2
P04,Trapping_Rain_Water,correct_1.java,Type_1_Original,Solution 1,10,8,10.0,9/10,9.0,7
P04,Trapping_Rain_Water,correct_1.java,Type_2_Agnostic,Solution 1,9,10,9.0,9/10,9.0,5
P04,Trapping_Rain_Water,correct_1.java,Type_3_Degraded_10,Solution 1,8,7,10.0,9/10,9.0,6
P04,Trapping_Rain_Water,correct_1.java,Type_4_Degraded_30,Solution 1,5,5,10.0,9/10,9.0,5
P04,Trapping_Rain_Water,correct_1.java,Type_5_Error_10,Solution 1,10,8,10.0,9/10,9.0,7
P04,Trapping_Rain_Water,correct_1.java,Type_6_Error_30,Solution 1,6,10,6.0,9/10,9.0,9
P04,Trapping_Rain_Water,correct_1.java,Type_7_Agnostic_Simple,Solution 1,10,10,10.0,9/10,9.0,2
P04,Trapping_Rain_Water,correct_2.java,Type_1_Original,Solution 1,8,8,10.0,8/10,8.0,7
P04,Trapping_Rain_Water,correct_2.java,Type_2_Agnostic,Solution 1,8,10,8.0,8/10,8.0,5
P04,Trapping_Rain_Water,correct_2.java,Type_3_Degraded_10,Solution 1,0,7,0.0,8/10,8.0,6
P04,Trapping_Rain_Water,correct_2.java,Type_4_Degraded_30,Solution 2,0,6,0.0,8/10,8.0,6
P04,Trapping_Rain_Water,correct_2.java,Type_5_Error_10,Solution 1,5,8,6.25,8/10,8.0,7
P04,Trapping_Rain_Water,correct_2.java,Type_6_Error_30,Solution 1,0,10,0.0,8/10,8.0,9
P04,Trapping_Rain_Water,correct_2.java,Type_7_Agnostic_Simple,Solution 1,10,10,10.0,8/10,8.0,2
P04,Trapping_Rain_Water,correct_3.java,Type_1_Original,Solution 1,5,8,6.25,7/10,7.0,7
P04,Trapping_Rain_Water,correct_3.java,Type_2_Agnostic,Solution 1,8,10,8.0,7/10,7.0,5
P04,Trapping_Rain_Water,correct_3.java,Type_3_Degraded_10,Solution 1,0,7,0.0,7/10,7.0,6
P04,Trapping_Rain_Water,correct_3.java,Type_4_Degraded_30,Solution 1,3,5,6.0,7/10,7.0,5
P04,Trapping_Rain_Water,correct_3.java,Type_5_Error_10,Solution 1,8,8,10.0,7/10,7.0,7
P04,Trapping_Rain_Water,correct_3.java,Type_6_Error_30,Solution 1,0,10,0.0,7/10,7.0,9
P04,Trapping_Rain_Water,correct_3.java,Type_7_Agnostic_Simple,Solution 1,10,10,10.0,7/10,7.0,2
P04,Trapping_Rain_Water,TLE.java,Type_1_Original,Solution 1,8,8,10.0,8/10,8.0,7
P04,Trapping_Rain_Water,TLE.java,Type_2_Agnostic,Solution 1,8,10,8.0,8/10,8.0,5
P04,Trapping_Rain_Water,TLE.java,Type_3_Degraded_10,Solution 1,7,7,10.0,8/10,8.0,6
P04,Trapping_Rain_Water,TLE.java,Type_4_Degraded_30,Solution 1,6,5,10.0,8/10,8.0,5
P04,Trapping_Rain_Water,TLE.java,Type_5_Error_10,Solution 1,8,8,10.0,8/10,8.0,7
P04,Trapping_Rain_Water,TLE.java,Type_6_Error_30,Solution 1,6,10,6.0,8/10,8.0,9
P04,Trapping_Rain_Water,TLE.java,Type_7_Agnostic_Simple,Solution 1,8,10,8.0,8/10,8.0,2
P04,Trapping_Rain_Water,wrong.java,Type_1_Original,Solution 2,4,9,4.44,5/10,5.0,9
P04,Trapping_Rain_Water,wrong.java,Type_2_Agnostic,Two-pointer approach (incorrect implementation),4,10,4.0,5/10,5.0,5
P04,Trapping_Rain_Water,wrong.java,Type_3_Degraded_10,Solution 2,4,8,5.0,5/10,5.0,8
P04,Trapping_Rain_Water,wrong.java,Type_4_Degraded_30,Solution 2,3,6,5.0,5/10,5.0,6
P04,Trapping_Rain_Water,wrong.java,Type_5_Error_10,Solution 2,2,9,2.22,5/10,5.0,9
P04,Trapping_Rain_Water,wrong.java,Type_6_Error_30,Solution 2,3,9,3.33,5/10,5.0,9
P04,Trapping_Rain_Water,wrong.java,Type_7_Agnostic_Simple,Solution 1,4,10,4.0,5/10,5.0,2
P05,First_1_in_a_Sorted_Binary_Array,compilation_error.java,Type_1_Original,Solution 1,2,7,2.86,2/7,2.86,5
P05,First_1_in_a_Sorted_Binary_Array,compilation_error.java,Type_2_Agnostic,Solution 1,4,10,4.0,2/7,2.86,5
P05,First_1_in_a_Sorted_Binary_Array,compilation_error.java,Type_3_Degraded_10,Solution 3,3,4,7.5,2/7,2.86,4
P05,First_1_in_a_Sorted_Binary_Array,compilation_error.java,Type_4_Degraded_30,Solution 3,2,3,6.67,2/7,2.86,3
P05,First_1_in_a_Sorted_Binary_Array,compilation_error.java,Type_5_Error_10,Solution 1,2,7,2.86,2/7,2.86,5
P05,First_1_in_a_Sorted_Binary_Array,compilation_error.java,Type_6_Error_30,Solution 1,3,7,4.29,2/7,2.86,5
P05,First_1_in_a_Sorted_Binary_Array,compilation_error.java,Type_7_Agnostic_Simple,Solution 1,2,10,2.0,2/7,2.86,2
P05,First_1_in_a_Sorted_Binary_Array,correct_1.java,Type_1_Original,Solution 2,5,5,10.0,5/5,10.0,3
P05,First_1_in_a_Sorted_Binary_Array,correct_1.java,Type_2_Agnostic,Linear Scan with Early Exit,7,10,7.0,5/5,10.0,5
P05,First_1_in_a_Sorted_Binary_Array,correct_1.java,Type_3_Degraded_10,Solution 2,5,5,10.0,5/5,10.0,3
P05,First_1_in_a_Sorted_Binary_Array,correct_1.java,Type_4_Degraded_30,Solution 2,3,3,10.0,5/5,10.0,2
P05,First_1_in_a_Sorted_Binary_Array,correct_1.java,Type_5_Error_10,Solution 2,3,5,6.0,5/5,10.0,3
P05,First_1_in_a_Sorted_Binary_Array,correct_1.java,Type_6_Error_30,Solution 2,1,5,2.0,5/5,10.0,3
P05,First_1_in_a_Sorted_Binary_Array,correct_1.java,Type_7_Agnostic_Simple,Solution 1,6,10,6.0,5/5,10.0,2
P05,First_1_in_a_Sorted_Binary_Array,correct_2.java,Type_1_Original,Solution 3,5,5,10.0,5/5,10.0,5
P05,First_1_in_a_Sorted_Binary_Array,correct_2.java,Type_2_Agnostic,Binary Search Solution,8,10,8.0,5/5,10.0,5
P05,First_1_in_a_Sorted_Binary_Array,correct_2.java,Type_3_Degraded_10,Solution 3,4,4,10.0,5/5,10.0,4
P05,First_1_in_a_Sorted_Binary_Array,correct_2.java,Type_4_Degraded_30,Solution 3,3,3,10.0,5/5,10.0,3
P05,First_1_in_a_Sorted_Binary_Array,correct_2.java,Type_5_Error_10,Solution 3,5,5,10.0,5/5,10.0,5
P05,First_1_in_a_Sorted_Binary_Array,correct_2.java,Type_6_Error_30,Solution 1,4,7,5.71,5/5,10.0,5
P05,First_1_in_a_Sorted_Binary_Array,correct_2.java,Type_7_Agnostic_Simple,Binary Search Solution,6,10,6.0,5/5,10.0,2
P05,First_1_in_a_Sorted_Binary_Array,correct_3.java,Type_1_Original,Solution 2,5,5,10.0,5/5,10.0,3
P05,First_1_in_a_Sorted_Binary_Array,correct_3.java,Type_2_Agnostic,Linear Scan Solution,7,10,7.0,5/5,10.0,5
P05,First_1_in_a_Sorted_Binary_Array,correct_3.java,Type_3_Degraded_10,Solution 2,5,5,10.0,5/5,10.0,3
P05,First_1_in_a_Sorted_Binary_Array,correct_3.java,Type_4_Degraded_30,Solution 2,3,3,10.0,5/5,10.0,2
P05,First_1_in_a_Sorted_Binary_Array,correct_3.java,Type_5_Error_10,Solution 2,4,5,8.0,5/5,10.0,3
P05,First_1_in_a_Sorted_Binary_Array,correct_3.java,Type_6_Error_30,Solution 2,1,5,2.0,5/5,10.0,3
P05,First_1_in_a_Sorted_Binary_Array,correct_3.java,Type_7_Agnostic_Simple,Simple Agnostic Evaluation Rubric,7,10,7.0,5/5,10.0,2
P05,First_1_in_a_Sorted_Binary_Array,TLE.java,Type_1_Original,Solution 3,3,5,6.0,3/5,6.0,5
P05,First_1_in_a_Sorted_Binary_Array,TLE.java,Type_2_Agnostic,Binary Search,3,10,3.0,3/5,6.0,5
P05,First_1_in_a_Sorted_Binary_Array,TLE.java,Type_3_Degraded_10,Solution 3,2,4,5.0,3/5,6.0,4
P05,First_1_in_a_Sorted_Binary_Array,TLE.java,Type_4_Degraded_30,Solution 3,2,3,6.67,3/5,6.0,3
P05,First_1_in_a_Sorted_Binary_Array,TLE.java,Type_5_Error_10,Solution 3,3,5,6.0,3/5,6.0,5
P05,First_1_in_a_Sorted_Binary_Array,TLE.java,Type_6_Error_30,Solution 1,1,7,1.43,3/5,6.0,5
P05,First_1_in_a_Sorted_Binary_Array,TLE.java,Type_7_Agnostic_Simple,Solution 1,3,10,3.0,3/5,6.0,2
P05,First_1_in_a_Sorted_Binary_Array,wrong.java,Type_1_Original,Solution 3,4,5,8.0,3/5,6.0,5
P05,First_1_in_a_Sorted_Binary_Array,wrong.java,Type_2_Agnostic,Solution 1,8,10,8.0,3/5,6.0,5
P05,First_1_in_a_Sorted_Binary_Array,wrong.java,Type_3_Degraded_10,Solution 3,4,4,10.0,3/5,6.0,4
P05,First_1_in_a_Sorted_Binary_Array,wrong.java,Type_4_Degraded_30,Solution 3,2,3,6.67,3/5,6.0,3
P05,First_1_in_a_Sorted_Binary_Array,wrong.java,Type_5_Error_10,Solution 3,4,5,8.0,3/5,6.0,5
P05,First_1_in_a_Sorted_Binary_Array,wrong.java,Type_6_Error_30,Solution 1,3,7,4.29,3/5,6.0,5
P05,First_1_in_a_Sorted_Binary_Array,wrong.java,Type_7_Agnostic_Simple,Solution 1,8,10,8.0,3/5,6.0,2
P06,First_and_Last_Occurrences,compilation_error.java,Type_1_Original,Solution 1,1,5,2.0,1/5,2.0,5
P06,First_and_Last_Occurrences,compilation_error.java,Type_2_Agnostic,Solution 1,3,10,3.0,1/5,2.0,5
P06,First_and_Last_Occurrences,compilation_error.java,Type_3_Degraded_10,Solution 1,1,4,2.5,1/5,2.0,4
P06,First_and_Last_Occurrences,compilation_error.java,Type_4_Degraded_30,Solution 1,1,3,3.33,1/5,2.0,3
P06,First_and_Last_Occurrences,compilation_error.java,Type_5_Error_10,Solution 1,1,5,2.0,1/5,2.0,5
P06,First_and_Last_Occurrences,compilation_error.java,Type_6_Error_30,Solution 1,0,5,0.0,1/5,2.0,5
P06,First_and_Last_Occurrences,compilation_error.java,Type_7_Agnostic_Simple,Solution 1,2,10,2.0,1/5,2.0,2
P06,First_and_Last_Occurrences,correct_1.java,Type_1_Original,Solution 1,5,5,10.0,5/5,10.0,5
P06,First_and_Last_Occurrences,correct_1.java,Type_2_Agnostic,Linear Search Approach,6,10,6.0,5/5,10.0,5
P06,First_and_Last_Occurrences,correct_1.java,Type_3_Degraded_10,Solution 1,4,4,10.0,5/5,10.0,4
P06,First_and_Last_Occurrences,correct_1.java,Type_4_Degraded_30,Solution 1,3,3,10.0,5/5,10.0,3
P06,First_and_Last_Occurrences,correct_1.java,Type_5_Error_10,Solution 1,5,5,10.0,5/5,10.0,5
P06,First_and_Last_Occurrences,correct_1.java,Type_6_Error_30,Solution 1,5,5,10.0,5/5,10.0,5
P06,First_and_Last_Occurrences,correct_1.java,Type_7_Agnostic_Simple,Solution 1,6,10,6.0,5/5,10.0,2
P06,First_and_Last_Occurrences,correct_2.java,Type_1_Original,Solution 1,5,5,10.0,5/5,10.0,5
P06,First_and_Last_Occurrences,correct_2.java,Type_2_Agnostic,Linear Search,7,10,7.0,5/5,10.0,5
P06,First_and_Last_Occurrences,correct_2.java,Type_3_Degraded_10,Solution 1,4,4,10.0,5/5,10.0,4
P06,First_and_Last_Occurrences,correct_2.java,Type_4_Degraded_30,Solution 1,3,3,10.0,5/5,10.0,3
P06,First_and_Last_Occurrences,correct_2.java,Type_5_Error_10,Solution 1,5,5,10.0,5/5,10.0,5
P06,First_and_Last_Occurrences,correct_2.java,Type_6_Error_30,Solution 1,4,5,8.0,5/5,10.0,5
P06,First_and_Last_Occurrences,correct_2.java,Type_7_Agnostic_Simple,Simple Agnostic Evaluation Rubric,8,10,8.0,5/5,10.0,2
P06,First_and_Last_Occurrences,correct_3.java,Type_1_Original,Solution 2,7,9,7.78,9/9,10.0,7
P06,First_and_Last_Occurrences,correct_3.java,Type_2_Agnostic,Solution 2 (Binary Search),5,10,5.0,9/9,10.0,5
P06,First_and_Last_Occurrences,correct_3.java,Type_3_Degraded_10,Solution 2,6,8,7.5,9/9,10.0,6
P06,First_and_Last_Occurrences,correct_3.java,Type_4_Degraded_30,Solution 2,5,6,8.33,9/9,10.0,5
P06,First_and_Last_Occurrences,correct_3.java,Type_5_Error_10,Solution 2,7,9,7.78,9/9,10.0,7
P06,First_and_Last_Occurrences,correct_3.java,Type_6_Error_30,Solution 2,5,9,5.56,9/9,10.0,7
P06,First_and_Last_Occurrences,correct_3.java,Type_7_Agnostic_Simple,Solution 1,6,10,6.0,9/9,10.0,2
P06,First_and_Last_Occurrences,TLE.java,Type_1_Original,Solution 2,4,9,4.44,9/9,10.0,7
P06,First_and_Last_Occurrences,TLE.java,Type_2_Agnostic,Solution 1,6,10,6.0,9/9,10.0,5
P06,First_and_Last_Occurrences,TLE.java,Type_3_Degraded_10,Solution 2,4,8,5.0,9/9,10.0,6
P06,First_and_Last_Occurrences,TLE.java,Type_4_Degraded_30,Solution 2,3,6,5.0,9/9,10.0,5
P06,First_and_Last_Occurrences,TLE.java,Type_5_Error_10,Solution 2,4,9,4.44,9/9,10.0,7
P06,First_and_Last_Occurrences,TLE.java,Type_6_Error_30,Solution 2,1,9,1.11,9/9,10.0,7
P06,First_and_Last_Occurrences,TLE.java,Type_7_Agnostic_Simple,Solution 1,5,10,5.0,9/9,10.0,2
P06,First_and_Last_Occurrences,wrong.java,Type_1_Original,Solution 2,6,9,6.67,9/9,10.0,7
P06,First_and_Last_Occurrences,wrong.java,Type_2_Agnostic,Solution 1,6,10,6.0,9/9,10.0,5
P06,First_and_Last_Occurrences,wrong.java,Type_3_Degraded_10,Solution 2,7,8,8.75,9/9,10.0,6
P06,First_and_Last_Occurrences,wrong.java,Type_4_Degraded_30,Solution 2,4,6,6.67,9/9,10.0,5
P06,First_and_Last_Occurrences,wrong.java,Type_5_Error_10,Solution 2,6,9,6.67,9/9,10.0,7
P06,First_and_Last_Occurrences,wrong.java,Type_6_Error_30,Solution 2,4,9,4.44,9/9,10.0,7
P06,First_and_Last_Occurrences,wrong.java,Type_7_Agnostic_Simple,Solution 1,5,10,5.0,9/9,10.0,2
P07,Median_of_2_Sorted_Arrays_of_Different_Sizes,compilation_error.java,Type_1_Original,Solution 1,1,4,2.5,3/4,7.5,4
P07,Median_of_2_Sorted_Arrays_of_Different_Sizes,compilation_error.java,Type_2_Agnostic,Solution 1,4,10,4.0,3/4,7.5,5
P07,Median_of_2_Sorted_Arrays_of_Different_Sizes,compilation_error.java,Type_3_Degraded_10,Solution 1,0,3,0.0,3/4,7.5,3
P07,Median_of_2_Sorted_Arrays_of_Different_Sizes,compilation_error.java,Type_4_Degraded_30,Solution 1,0,2,0.0,3/4,7.5,2
P07,Median_of_2_Sorted_Arrays_of_Different_Sizes,compilation_error.java,Type_5_Error_10,Solution 1,1,4,2.5,3/4,7.5,4
P07,Median_of_2_Sorted_Arrays_of_Different_Sizes,compilation_error.java,Type_6_Error_30,Solution 1,1,4,2.5,3/4,7.5,4
P07,Median_of_2_Sorted_Arrays_of_Different_Sizes,compilation_error.java,Type_7_Agnostic_Simple,Solution 1,3,10,3.0,3/4,7.5,2
P07,Median_of_2_Sorted_Arrays_of_Different_Sizes,correct_1.java,Type_1_Original,Solution 1,3,4,7.5,3/5,6.0,4
P07,Median_of_2_Sorted_Arrays_of_Different_Sizes,correct_1.java,Type_2_Agnostic,Solution 1,9,10,9.0,3/5,6.0,5
P07,Median_of_2_Sorted_Arrays_of_Different_Sizes,correct_1.java,Type_3_Degraded_10,Solution 1,3,3,10.0,3/5,6.0,3
P07,Median_of_2_Sorted_Arrays_of_Different_Sizes,correct_1.java,Type_4_Degraded_30,Solution 2,2,3,6.67,3/5,6.0,3
P07,Median_of_2_Sorted_Arrays_of_Different_Sizes,correct_1.java,Type_5_Error_10,Solution 2,4,5,8.0,3/5,6.0,5
P07,Median_of_2_Sorted_Arrays_of_Different_Sizes,correct_1.java,Type_6_Error_30,Solution 2,3,5,6.0,3/5,6.0,5
P07,Median_of_2_Sorted_Arrays_of_Different_Sizes,correct_1.java,Type_7_Agnostic_Simple,Simple Agnostic Evaluation Rubric,9,10,9.0,3/5,6.0,2
P07,Median_of_2_Sorted_Arrays_of_Different_Sizes,correct_2.java,Type_1_Original,Solution 1,3,4,7.5,3/5,6.0,4
P07,Median_of_2_Sorted_Arrays_of_Different_Sizes,correct_2.java,Type_2_Agnostic,Solution 1,8,10,8.0,3/5,6.0,5
P07,Median_of_2_Sorted_Arrays_of_Different_Sizes,correct_2.java,Type_3_Degraded_10,Solution 1,3,3,10.0,3/5,6.0,3
P07,Median_of_2_Sorted_Arrays_of_Different_Sizes,correct_2.java,Type_4_Degraded_30,Solution 2,2,3,6.67,3/5,6.0,3
P07,Median_of_2_Sorted_Arrays_of_Different_Sizes,correct_2.java,Type_5_Error_10,Solution 1,3,4,7.5,3/5,6.0,4
P07,Median_of_2_Sorted_Arrays_of_Different_Sizes,correct_2.java,Type_6_Error_30,Solution 1,1,4,2.5,3/5,6.0,4
P07,Median_of_2_Sorted_Arrays_of_Different_Sizes,correct_2.java,Type_7_Agnostic_Simple,Solution 1,9,10,9.0,3/5,6.0,2
P07,Median_of_2_Sorted_Arrays_of_Different_Sizes,correct_3.java,Type_1_Original,Solution 1,3,4,7.5,5/5,10.0,4
P07,Median_of_2_Sorted_Arrays_of_Different_Sizes,correct_3.java,Type_2_Agnostic,Solution 1,9,10,9.0,5/5,10.0,5
P07,Median_of_2_Sorted_Arrays_of_Different_Sizes,correct_3.java,Type_3_Degraded_10,Solution 1,3,3,10.0,5/5,10.0,3
P07,Median_of_2_Sorted_Arrays_of_Different_Sizes,correct_3.java,Type_4_Degraded_30,Solution 2,3,3,10.0,5/5,10.0,3
P07,Median_of_2_Sorted_Arrays_of_Different_Sizes,correct_3.java,Type_5_Error_10,Solution 1,3,4,7.5,5/5,10.0,4
P07,Median_of_2_Sorted_Arrays_of_Different_Sizes,correct_3.java,Type_6_Error_30,Solution 1,1,4,2.5,5/5,10.0,4
P07,Median_of_2_Sorted_Arrays_of_Different_Sizes,correct_3.java,Type_7_Agnostic_Simple,Solution 1,9,10,9.0,5/5,10.0,2
P07,Median_of_2_Sorted_Arrays_of_Different_Sizes,TLE.java,Type_1_Original,Solution 1,1,4,2.5,4/4,10.0,4
P07,Median_of_2_Sorted_Arrays_of_Different_Sizes,TLE.java,Type_2_Agnostic,Solution 1,2,10,2.0,4/4,10.0,5
P07,Median_of_2_Sorted_Arrays_of_Different_Sizes,TLE.java,Type_3_Degraded_10,Solution 1,1,3,3.33,4/4,10.0,3
P07,Median_of_2_Sorted_Arrays_of_Different_Sizes,TLE.java,Type_4_Degraded_30,Solution 1,0,2,0.0,4/4,10.0,2
P07,Median_of_2_Sorted_Arrays_of_Different_Sizes,TLE.java,Type_5_Error_10,Solution 1,1,4,2.5,4/4,10.0,4
P07,Median_of_2_Sorted_Arrays_of_Different_Sizes,TLE.java,Type_6_Error_30,Solution 1,1,4,2.5,4/4,10.0,4
P07,Median_of_2_Sorted_Arrays_of_Different_Sizes,TLE.java,Type_7_Agnostic_Simple,Simple Agnostic Evaluation Rubric,3,10,3.0,4/4,10.0,2
P07,Median_of_2_Sorted_Arrays_of_Different_Sizes,wrong.java,Type_1_Original,Solution 1,3,4,7.5,4/4,10.0,4
P07,Median_of_2_Sorted_Arrays_of_Different_Sizes,wrong.java,Type_2_Agnostic,Solution 1,6,10,6.0,4/4,10.0,5
P07,Median_of_2_Sorted_Arrays_of_Different_Sizes,wrong.java,Type_3_Degraded_10,Solution 1,2,3,6.67,4/4,10.0,3
P07,Median_of_2_Sorted_Arrays_of_Different_Sizes,wrong.java,Type_4_Degraded_30,Solution 1,1,2,5.0,4/4,10.0,2
P07,Median_of_2_Sorted_Arrays_of_Different_Sizes,wrong.java,Type_5_Error_10,Solution 1,3,4,7.5,4/4,10.0,4
P07,Median_of_2_Sorted_Arrays_of_Different_Sizes,wrong.java,Type_6_Error_30,Solution 1,2,4,5.0,4/4,10.0,4
P07,Median_of_2_Sorted_Arrays_of_Different_Sizes,wrong.java,Type_7_Agnostic_Simple,Simple Agnostic Evaluation Rubric,6,10,6.0,4/4,10.0,2
P08,Missing_in_Array,compilation_error.java,Type_1_Original,Solution 1,1,4,2.5,2/4,5.0,4
P08,Missing_in_Array,compilation_error.java,Type_2_Agnostic,Solution 1,6,10,6.0,2/4,5.0,5
P08,Missing_in_Array,compilation_error.java,Type_3_Degraded_10,Solution 1,1,3,3.33,2/4,5.0,3
P08,Missing_in_Array,compilation_error.java,Type_4_Degraded_30,Solution 1,1,2,5.0,2/4,5.0,2
P08,Missing_in_Array,compilation_error.java,Type_5_Error_10,Solution 1,3,4,7.5,2/4,5.0,4
P08,Missing_in_Array,compilation_error.java,Type_6_Error_30,Solution 1,0,4,0.0,2/4,5.0,4
P08,Missing_in_Array,compilation_error.java,Type_7_Agnostic_Simple,Solution 1,5,10,5.0,2/4,5.0,2
P08,Missing_in_Array,correct_1.java,Type_1_Original,Solution 2,4,4,10.0,4/4,10.0,4
P08,Missing_in_Array,correct_1.java,Type_2_Agnostic,Solution 1,8,10,8.0,4/4,10.0,5
P08,Missing_in_Array,correct_1.java,Type_3_Degraded_10,Solution 2,3,3,10.0,4/4,10.0,3
P08,Missing_in_Array,correct_1.java,Type_4_Degraded_30,Solution 2,2,2,10.0,4/4,10.0,2
P08,Missing_in_Array,correct_1.java,Type_5_Error_10,Solution 2,3,4,7.5,4/4,10.0,4
P08,Missing_in_Array,correct_1.java,Type_6_Error_30,Solution 2,2,4,5.0,4/4,10.0,4
P08,Missing_in_Array,correct_1.java,Type_7_Agnostic_Simple,Solution 1,9,10,9.0,4/4,10.0,2
P08,Missing_in_Array,correct_2.java,Type_1_Original,Solution 4,2,4,5.0,2/4,5.0,3
P08,Missing_in_Array,correct_2.java,Type_2_Agnostic,Solution 1,6,10,6.0,2/4,5.0,5
P08,Missing_in_Array,correct_2.java,Type_3_Degraded_10,Solution 4,2,4,5.0,2/4,5.0,3
P08,Missing_in_Array,correct_2.java,Type_4_Degraded_30,Solution 4,1,3,3.33,2/4,5.0,2
P08,Missing_in_Array,correct_2.java,Type_5_Error_10,Solution 4,2,4,5.0,2/4,5.0,3
P08,Missing_in_Array,correct_2.java,Type_6_Error_30,Solution 4,2,4,5.0,2/4,5.0,3
P08,Missing_in_Array,correct_2.java,Type_7_Agnostic_Simple,Solution 1,6,10,6.0,2/4,5.0,2
P08,Missing_in_Array,correct_3.java,Type_1_Original,Solution 1,4,4,10.0,4/4,10.0,4
P08,Missing_in_Array,correct_3.java,Type_2_Agnostic,Solution 1,9,10,9.0,4/4,10.0,5
P08,Missing_in_Array,correct_3.java,Type_3_Degraded_10,Solution 1,3,3,10.0,4/4,10.0,3
P08,Missing_in_Array,correct_3.java,Type_4_Degraded_30,Solution 1,2,2,10.0,4/4,10.0,2
P08,Missing_in_Array,correct_3.java,Type_5_Error_10,Solution 1,4,4,10.0,4/4,10.0,4
P08,Missing_in_Array,correct_3.java,Type_6_Error_30,Solution 1,4,4,10.0,4/4,10.0,4
P08,Missing_in_Array,correct_3.java,Type_7_Agnostic_Simple,Solution 1,10,10,10.0,4/4,10.0,2
P08,Missing_in_Array,TLE.java,Type_1_Original,Solution 5,4,4,10.0,,,4
P08,Missing_in_Array,TLE.java,Type_2_Agnostic,HashSet Approach,5,10,5.0,,,5
P08,Missing_in_Array,TLE.java,Type_3_Degraded_10,Solution 5,3,3,10.0,,,3
P08,Missing_in_Array,TLE.java,Type_4_Degraded_30,Solution 5,2,2,10.0,,,2
P08,Missing_in_Array,TLE.java,Type_5_Error_10,Solution 5,4,4,10.0,,,4
P08,Missing_in_Array,TLE.java,Type_6_Error_30,Solution 5,3,4,7.5,,,4
P08,Missing_in_Array,TLE.java,Type_7_Agnostic_Simple,Solution 1,7,10,7.0,,,2
P08,Missing_in_Array,wrong.java,Type_1_Original,Solution 4,2,4,5.0,2/4,5.0,3
P08,Missing_in_Array,wrong.java,Type_2_Agnostic,Solution 1,6,10,6.0,2/4,5.0,5
P08,Missing_in_Array,wrong.java,Type_3_Degraded_10,Solution 4,1,4,2.5,2/4,5.0,3
P08,Missing_in_Array,wrong.java,Type_4_Degraded_30,Solution 4,1,3,3.33,2/4,5.0,2
P08,Missing_in_Array,wrong.java,Type_5_Error_10,Solution 4,2,4,5.0,2/4,5.0,3
P08,Missing_in_Array,wrong.java,Type_6_Error_30,Solution 4,2,4,5.0,2/4,5.0,3
P08,Missing_in_Array,wrong.java,Type_7_Agnostic_Simple,Solution 1,6,10,6.0,2/4,5.0,2
P09,Non_Repeating_Numbers,compilation_error.java,Type_1_Original,Solution 2,6,6,10.0,6/6,10.0,6
P09,Non_Repeating_Numbers,compilation_error.java,Type_2_Agnostic,Solution 1,8,10,8.0,6/6,10.0,5
P09,Non_Repeating_Numbers,compilation_error.java,Type_3_Degraded_10,Solution 2,5,5,10.0,6/6,10.0,5
P09,Non_Repeating_Numbers,compilation_error.java,Type_4_Degraded_30,Solution 2,4,4,10.0,6/6,10.0,4
P09,Non_Repeating_Numbers,compilation_error.java,Type_5_Error_10,Solution 2,6,6,10.0,6/6,10.0,6
P09,Non_Repeating_Numbers,compilation_error.java,Type_6_Error_30,Solution 2,4,6,6.67,6/6,10.0,6
P09,Non_Repeating_Numbers,compilation_error.java,Type_7_Agnostic_Simple,Solution 1,9,10,9.0,6/6,10.0,2
P09,Non_Repeating_Numbers,correct_1.java,Type_1_Original,Solution 2,6,6,10.0,6/6,10.0,6
P09,Non_Repeating_Numbers,correct_1.java,Type_2_Agnostic,Solution 1,8,10,8.0,6/6,10.0,5
P09,Non_Repeating_Numbers,correct_1.java,Type_3_Degraded_10,Solution 2,5,5,10.0,6/6,10.0,5
P09,Non_Repeating_Numbers,correct_1.java,Type_4_Degraded_30,Solution 2,4,4,10.0,6/6,10.0,4
P09,Non_Repeating_Numbers,correct_1.java,Type_5_Error_10,Solution 2,6,6,10.0,6/6,10.0,6
P09,Non_Repeating_Numbers,correct_1.java,Type_6_Error_30,Solution 2,6,6,10.0,6/6,10.0,6
P09,Non_Repeating_Numbers,correct_1.java,Type_7_Agnostic_Simple,Solution 1,9,10,9.0,6/6,10.0,2
P09,Non_Repeating_Numbers,correct_2.java,Type_1_Original,Solution 2,6,6,10.0,6/6,10.0,6
P09,Non_Repeating_Numbers,correct_2.java,Type_2_Agnostic,Solution 1,8,10,8.0,6/6,10.0,5
P09,Non_Repeating_Numbers,correct_2.java,Type_3_Degraded_10,Solution 2,5,5,10.0,6/6,10.0,5
P09,Non_Repeating_Numbers,correct_2.java,Type_4_Degraded_30,Solution 2,4,4,10.0,6/6,10.0,4
P09,Non_Repeating_Numbers,correct_2.java,Type_5_Error_10,Solution 2,6,6,10.0,6/6,10.0,6
P09,Non_Repeating_Numbers,correct_2.java,Type_6_Error_30,Solution 2,4,6,6.67,6/6,10.0,6
P09,Non_Repeating_Numbers,correct_2.java,Type_7_Agnostic_Simple,Solution 1,9,10,9.0,6/6,10.0,2
P09,Non_Repeating_Numbers,correct_3.java,Type_1_Original,Solution 2,6,6,10.0,6/6,10.0,6
P09,Non_Repeating_Numbers,correct_3.java,Type_2_Agnostic,Solution 1,8,10,8.0,6/6,10.0,5
P09,Non_Repeating_Numbers,correct_3.java,Type_3_Degraded_10,Solution 2,5,5,10.0,6/6,10.0,5
P09,Non_Repeating_Numbers,correct_3.java,Type_4_Degraded_30,Solution 2,4,4,10.0,6/6,10.0,4
P09,Non_Repeating_Numbers,correct_3.java,Type_5_Error_10,Solution 2,6,6,10.0,6/6,10.0,6
P09,Non_Repeating_Numbers,correct_3.java,Type_6_Error_30,Solution 2,4,6,6.67,6/6,10.0,6
P09,Non_Repeating_Numbers,correct_3.java,Type_7_Agnostic_Simple,Solution 1,9,10,9.0,6/6,10.0,2
P09,Non_Repeating_Numbers,TLE.java,Type_1_Original,Solution 3,3,4,7.5,4/4,10.0,4
P09,Non_Repeating_Numbers,TLE.java,Type_2_Agnostic,None (custom approach using frequency counting),4,10,4.0,4/4,10.0,5
P09,Non_Repeating_Numbers,TLE.java,Type_3_Degraded_10,Solution 3,3,3,10.0,4/4,10.0,3
P09,Non_Repeating_Numbers,TLE.java,Type_4_Degraded_30,Solution 3,2,2,10.0,4/4,10.0,2
P09,Non_Repeating_Numbers,TLE.java,Type_5_Error_10,Solution 3,2,4,5.0,4/4,10.0,4
P09,Non_Repeating_Numbers,TLE.java,Type_6_Error_30,Solution 3,1,4,2.5,4/4,10.0,4
P09,Non_Repeating_Numbers,TLE.java,Type_7_Agnostic_Simple,Simple Agnostic Evaluation Rubric,4,10,4.0,4/4,10.0,2
P09,Non_Repeating_Numbers,wrong.java,Type_1_Original,Solution 2,3,6,5.0,3/6,5.0,6
P09,Non_Repeating_Numbers,wrong.java,Type_2_Agnostic,Solution 1,6,10,6.0,3/6,5.0,5
P09,Non_Repeating_Numbers,wrong.java,Type_3_Degraded_10,Solution 2,2,5,4.0,3/6,5.0,5
P09,Non_Repeating_Numbers,wrong.java,Type_4_Degraded_30,Solution 2,2,4,5.0,3/6,5.0,4
P09,Non_Repeating_Numbers,wrong.java,Type_5_Error_10,Solution 2,3,6,5.0,3/6,5.0,6
P09,Non_Repeating_Numbers,wrong.java,Type_6_Error_30,Solution 2,3,6,5.0,3/6,5.0,6
P09,Non_Repeating_Numbers,wrong.java,Type_7_Agnostic_Simple,Simple Agnostic Evaluation Rubric,5,10,5.0,3/6,5.0,2
P11,Subset_Sum_Problem,compilation_error.java,Type_1_Original,Solution 1,6,9,6.67,8/9,8.89,8
P11,Subset_Sum_Problem,compilation_error.java,Type_2_Agnostic,Solution 1,6,10,6.0,8/9,8.89,5
P11,Subset_Sum_Problem,compilation_error.java,Type_3_Degraded_10,Solution 1,5,8,6.25,8/9,8.89,7
P11,Subset_Sum_Problem,compilation_error.java,Type_4_Degraded_30,Solution 1,4,7,5.71,8/9,8.89,6
P11,Subset_Sum_Problem,compilation_error.java,Type_5_Error_10,Solution 1,4,9,4.44,8/9,8.89,8
P11,Subset_Sum_Problem,compilation_error.java,Type_6_Error_30,Solution 1,4,9,4.44,8/9,8.89,8
P11,Subset_Sum_Problem,compilation_error.java,Type_7_Agnostic_Simple,Solution 1,7,10,7.0,8/9,8.89,2
P11,Subset_Sum_Problem,correct_1.java,Type_1_Original,Solution 3,9,10,9.0,9/10,9.0,8
P11,Subset_Sum_Problem,correct_1.java,Type_2_Agnostic,Solution 1,9,10,9.0,9/10,9.0,5
P11,Subset_Sum_Problem,correct_1.java,Type_3_Degraded_10,Solution 3,8,9,8.89,9/10,9.0,7
P11,Subset_Sum_Problem,correct_1.java,Type_4_Degraded_30,Solution 3,8,8,10.0,9/10,9.0,6
P11,Subset_Sum_Problem,correct_1.java,Type_5_Error_10,Solution 3,9,10,9.0,9/10,9.0,8
P11,Subset_Sum_Problem,correct_1.java,Type_6_Error_30,Solution 3,7,10,7.0,9/10,9.0,8
P11,Subset_Sum_Problem,correct_1.java,Type_7_Agnostic_Simple,Solution 1,9,10,9.0,9/10,9.0,2
P11,Subset_Sum_Problem,correct_2.java,Type_1_Original,Solution 3,9,10,9.0,7/10,7.0,8
P11,Subset_Sum_Problem,correct_2.java,Type_2_Agnostic,Solution 1,8,10,8.0,7/10,7.0,5
P11,Subset_Sum_Problem,correct_2.java,Type_3_Degraded_10,Solution 3,7,9,7.78,7/10,7.0,7
P11,Subset_Sum_Problem,correct_2.java,Type_4_Degraded_30,Solution 3,7,8,8.75,7/10,7.0,6
P11,Subset_Sum_Problem,correct_2.java,Type_5_Error_10,Solution 3,10,10,10.0,7/10,7.0,8
P11,Subset_Sum_Problem,correct_2.java,Type_6_Error_30,Solution 3,7,10,7.0,7/10,7.0,8
P11,Subset_Sum_Problem,correct_2.java,Type_7_Agnostic_Simple,Solution 1,9,10,9.0,7/10,7.0,2
P11,Subset_Sum_Problem,correct_3.java,Type_1_Original,Solution 3,9,10,9.0,10/10,10.0,8
P11,Subset_Sum_Problem,correct_3.java,Type_2_Agnostic,Solution 1,9,10,9.0,10/10,10.0,5
P11,Subset_Sum_Problem,correct_3.java,Type_3_Degraded_10,Solution 3,7,9,7.78,10/10,10.0,7
P11,Subset_Sum_Problem,correct_3.java,Type_4_Degraded_30,Solution 3,6,8,7.5,10/10,10.0,6
P11,Subset_Sum_Problem,correct_3.java,Type_5_Error_10,Solution 3,10,10,10.0,10/10,10.0,8
P11,Subset_Sum_Problem,correct_3.java,Type_6_Error_30,Solution 3,7,10,7.0,10/10,10.0,8
P11,Subset_Sum_Problem,correct_3.java,Type_7_Agnostic_Simple,Solution 1,9,10,9.0,10/10,10.0,2
P11,Subset_Sum_Problem,TLE.java,Type_1_Original,Solution 2,8,9,8.89,9/9,10.0,8
P11,Subset_Sum_Problem,TLE.java,Type_2_Agnostic,Unknown,7,10,7.0,9/9,10.0,5
P11,Subset_Sum_Problem,TLE.java,Type_3_Degraded_10,Solution 2,6,8,7.5,9/9,10.0,7
P11,Subset_Sum_Problem,TLE.java,Type_4_Degraded_30,Solution 2,6,7,8.57,9/9,10.0,6
P11,Subset_Sum_Problem,TLE.java,Type_5_Error_10,Solution 2,9,9,10.0,9/9,10.0,8
P11,Subset_Sum_Problem,TLE.java,Type_6_Error_30,Solution 2,7,9,7.78,9/9,10.0,8
P11,Subset_Sum_Problem,TLE.java,Type_7_Agnostic_Simple,Solution 1,9,10,9.0,9/9,10.0,2
P11,Subset_Sum_Problem,wrong.java,Type_1_Original,Solution 2,4,9,4.44,6/9,6.67,8
P11,Subset_Sum_Problem,wrong.java,Type_2_Agnostic,Solution 1,5,10,5.0,6/9,6.67,5
P11,Subset_Sum_Problem,wrong.java,Type_3_Degraded_10,Solution 2,3,8,3.75,6/9,6.67,7
P11,Subset_Sum_Problem,wrong.java,Type_4_Degraded_30,Solution 2,2,7,2.86,6/9,6.67,6
P11,Subset_Sum_Problem,wrong.java,Type_5_Error_10,Solution 2,3,9,3.33,6/9,6.67,8
P11,Subset_Sum_Problem,wrong.java,Type_6_Error_30,Solution 2,2,9,2.22,6/9,6.67,8
P11,Subset_Sum_Problem,wrong.java,Type_7_Agnostic_Simple,Solution 1,3,10,3.0,6/9,6.67,2
P12,Cycle_in_a_Directed_Graph,compilation_error.java,Type_1_Original,Solution 1,3,4,7.5,4/4,10.0,4
P12,Cycle_in_a_Directed_Graph,compilation_error.java,Type_2_Agnostic,Solution 1,6,10,6.0,4/4,10.0,5
P12,Cycle_in_a_Directed_Graph,compilation_error.java,Type_3_Degraded_10,Solution 1,2,3,6.67,4/4,10.0,3
P12,Cycle_in_a_Directed_Graph,compilation_error.java,Type_4_Degraded_30,Solution 1,2,2,10.0,4/4,10.0,2
P12,Cycle_in_a_Directed_Graph,compilation_error.java,Type_5_Error_10,Solution 1,3,4,7.5,4/4,10.0,4
P12,Cycle_in_a_Directed_Graph,compilation_error.java,Type_6_Error_30,Solution 1,3,4,7.5,4/4,10.0,4
P12,Cycle_in_a_Directed_Graph,compilation_error.java,Type_7_Agnostic_Simple,Solution 1,5,10,5.0,4/4,10.0,2
P12,Cycle_in_a_Directed_Graph,correct_1.java,Type_1_Original,Solution 1,4,4,10.0,4/4,10.0,4
P12,Cycle_in_a_Directed_Graph,correct_1.java,Type_2_Agnostic,Solution 1,8,10,8.0,4/4,10.0,5
P12,Cycle_in_a_Directed_Graph,correct_1.java,Type_3_Degraded_10,Solution 1,3,3,10.0,4/4,10.0,3
P12,Cycle_in_a_Directed_Graph,correct_1.java,Type_4_Degraded_30,Solution 1,2,2,10.0,4/4,10.0,2
P12,Cycle_in_a_Directed_Graph,correct_1.java,Type_5_Error_10,Solution 1,4,4,10.0,4/4,10.0,4
P12,Cycle_in_a_Directed_Graph,correct_1.java,Type_6_Error_30,Solution 1,3,4,7.5,4/4,10.0,4
P12,Cycle_in_a_Directed_Graph,correct_1.java,Type_7_Agnostic_Simple,Solution 1,9,10,9.0,4/4,10.0,2
P12,Cycle_in_a_Directed_Graph,correct_2.java,Type_1_Original,Solution 1,4,4,10.0,4/4,10.0,4
P12,Cycle_in_a_Directed_Graph,correct_2.java,Type_2_Agnostic,Solution 1,8,10,8.0,4/4,10.0,5
P12,Cycle_in_a_Directed_Graph,correct_2.java,Type_3_Degraded_10,Solution 1,3,3,10.0,4/4,10.0,3
P12,Cycle_in_a_Directed_Graph,correct_2.java,Type_4_Degraded_30,Solution 1,2,2,10.0,4/4,10.0,2
P12,Cycle_in_a_Directed_Graph,correct_2.java,Type_5_Error_10,Solution 1,4,4,10.0,4/4,10.0,4
P12,Cycle_in_a_Directed_Graph,correct_2.java,Type_6_Error_30,Solution 1,3,4,7.5,4/4,10.0,4
P12,Cycle_in_a_Directed_Graph,correct_2.java,Type_7_Agnostic_Simple,Solution 1,9,10,9.0,4/4,10.0,2
P12,Cycle_in_a_Directed_Graph,correct_3.java,Type_1_Original,Solution 2,4,4,10.0,4/4,10.0,4
P12,Cycle_in_a_Directed_Graph,correct_3.java,Type_2_Agnostic,Solution 1,8,10,8.0,4/4,10.0,5
P12,Cycle_in_a_Directed_Graph,correct_3.java,Type_3_Degraded_10,Solution 2,3,3,10.0,4/4,10.0,3
P12,Cycle_in_a_Directed_Graph,correct_3.java,Type_4_Degraded_30,Solution 2,2,2,10.0,4/4,10.0,2
P12,Cycle_in_a_Directed_Graph,correct_3.java,Type_5_Error_10,Solution 2,4,4,10.0,4/4,10.0,4
P12,Cycle_in_a_Directed_Graph,correct_3.java,Type_6_Error_30,Solution 2,2,4,5.0,4/4,10.0,4
P12,Cycle_in_a_Directed_Graph,correct_3.java,Type_7_Agnostic_Simple,Solution 1,9,10,9.0,4/4,10.0,2
P12,Cycle_in_a_Directed_Graph,TLE.java,Type_1_Original,Solution 1,2,4,5.0,2/4,5.0,4
P12,Cycle_in_a_Directed_Graph,TLE.java,Type_2_Agnostic,Solution 1,4,10,4.0,2/4,5.0,5
P12,Cycle_in_a_Directed_Graph,TLE.java,Type_3_Degraded_10,Solution 1,1,3,3.33,2/4,5.0,3
P12,Cycle_in_a_Directed_Graph,TLE.java,Type_4_Degraded_30,Solution 1,1,2,5.0,2/4,5.0,2
P12,Cycle_in_a_Directed_Graph,TLE.java,Type_5_Error_10,Solution 1,2,4,5.0,2/4,5.0,4
P12,Cycle_in_a_Directed_Graph,TLE.java,Type_6_Error_30,Solution 1,3,4,7.5,2/4,5.0,4
P12,Cycle_in_a_Directed_Graph,TLE.java,Type_7_Agnostic_Simple,Solution 1,6,10,6.0,2/4,5.0,2
P12,Cycle_in_a_Directed_Graph,wrong.java,Type_1_Original,Solution 2,0,4,0.0,0/4,0.0,4
P12,Cycle_in_a_Directed_Graph,wrong.java,Type_2_Agnostic,BFS-based cycle detection,3,10,3.0,0/4,0.0,5
P12,Cycle_in_a_Directed_Graph,wrong.java,Type_3_Degraded_10,Solution 2,0,3,0.0,0/4,0.0,3
P12,Cycle_in_a_Directed_Graph,wrong.java,Type_4_Degraded_30,Solution 2,0,2,0.0,0/4,0.0,2
P12,Cycle_in_a_Directed_Graph,wrong.java,Type_5_Error_10,Solution 2,0,4,0.0,0/4,0.0,4
P12,Cycle_in_a_Directed_Graph,wrong.java,Type_6_Error_30,Solution 2,0,4,0.0,0/4,0.0,4
P12,Cycle_in_a_Directed_Graph,wrong.java,Type_7_Agnostic_Simple,Solution 1,2,10,2.0,0/4,0.0,2
P13,Maximum_Weight_Node,compilation_error.java,Type_1_Original,Solution 1,0,4,0.0,0/4,0.0,4
P13,Maximum_Weight_Node,compilation_error.java,Type_2_Agnostic,Solution 1,3,10,3.0,0/4,0.0,5
P13,Maximum_Weight_Node,compilation_error.java,Type_3_Degraded_10,Solution 1,0,3,0.0,0/4,0.0,3
P13,Maximum_Weight_Node,compilation_error.java,Type_4_Degraded_30,Solution 1,0,2,0.0,0/4,0.0,2
P13,Maximum_Weight_Node,compilation_error.java,Type_5_Error_10,Solution 1,0,4,0.0,0/4,0.0,4
P13,Maximum_Weight_Node,compilation_error.java,Type_6_Error_30,Solution 1,0,4,0.0,0/4,0.0,4
P13,Maximum_Weight_Node,compilation_error.java,Type_7_Agnostic_Simple,Solution 1,1,10,1.0,0/4,0.0,2
P13,Maximum_Weight_Node,correct_1.java,Type_1_Original,Solution 1,4,4,10.0,4/4,10.0,4
P13,Maximum_Weight_Node,correct_1.java,Type_2_Agnostic,Unknown,9,10,9.0,4/4,10.0,5
P13,Maximum_Weight_Node,correct_1.java,Type_3_Degraded_10,Solution 1,3,3,10.0,4/4,10.0,3
P13,Maximum_Weight_Node,correct_1.java,Type_4_Degraded_30,Solution 1,2,2,10.0,4/4,10.0,2
P13,Maximum_Weight_Node,correct_1.java,Type_5_Error_10,Solution 1,4,4,10.0,4/4,10.0,4
P13,Maximum_Weight_Node,correct_1.java,Type_6_Error_30,Solution 1,2,4,5.0,4/4,10.0,4
P13,Maximum_Weight_Node,correct_1.java,Type_7_Agnostic_Simple,Simple Agnostic Evaluation Rubric,10,10,10.0,4/4,10.0,2
P13,Maximum_Weight_Node,correct_2.java,Type_1_Original,Solution 1,4,4,10.0,4/4,10.0,4
P13,Maximum_Weight_Node,correct_2.java,Type_2_Agnostic,Solution 1,9,10,9.0,4/4,10.0,5
P13,Maximum_Weight_Node,correct_2.java,Type_3_Degraded_10,Solution 1,3,3,10.0,4/4,10.0,3
P13,Maximum_Weight_Node,correct_2.java,Type_4_Degraded_30,Solution 1,2,2,10.0,4/4,10.0,2
P13,Maximum_Weight_Node,correct_2.java,Type_5_Error_10,Solution 1,4,4,10.0,4/4,10.0,4
P13,Maximum_Weight_Node,correct_2.java,Type_6_Error_30,Solution 1,2,4,5.0,4/4,10.0,4
P13,Maximum_Weight_Node,correct_2.java,Type_7_Agnostic_Simple,Solution 1,10,10,10.0,4/4,10.0,2
P13,Maximum_Weight_Node,correct_3.java,Type_1_Original,Solution 1,3,4,7.5,4/4,10.0,4
P13,Maximum_Weight_Node,correct_3.java,Type_2_Agnostic,Solution 1,9,10,9.0,4/4,10.0,5
P13,Maximum_Weight_Node,correct_3.java,Type_3_Degraded_10,Solution 1,2,3,6.67,4/4,10.0,3
P13,Maximum_Weight_Node,correct_3.java,Type_4_Degraded_30,Solution 1,2,2,10.0,4/4,10.0,2
P13,Maximum_Weight_Node,correct_3.java,Type_5_Error_10,Solution 1,4,4,10.0,4/4,10.0,4
P13,Maximum_Weight_Node,correct_3.java,Type_6_Error_30,Solution 1,2,4,5.0,4/4,10.0,4
P13,Maximum_Weight_Node,correct_3.java,Type_7_Agnostic_Simple,Solution 1,10,10,10.0,4/4,10.0,2
P13,Maximum_Weight_Node,TLE.java,Type_1_Original,Solution 1,4,4,10.0,3/4,7.5,4
P13,Maximum_Weight_Node,TLE.java,Type_2_Agnostic,Solution 1,5,10,5.0,3/4,7.5,5
P13,Maximum_Weight_Node,TLE.java,Type_3_Degraded_10,Solution 1,3,3,10.0,3/4,7.5,3
P13,Maximum_Weight_Node,TLE.java,Type_4_Degraded_30,Solution 1,2,2,10.0,3/4,7.5,2
P13,Maximum_Weight_Node,TLE.java,Type_5_Error_10,Solution 1,4,4,10.0,3/4,7.5,4
P13,Maximum_Weight_Node,TLE.java,Type_6_Error_30,Solution 1,1,4,2.5,3/4,7.5,4
P13,Maximum_Weight_Node,TLE.java,Type_7_Agnostic_Simple,Simple Agnostic Evaluation Rubric,6,10,6.0,3/4,7.5,2
P13,Maximum_Weight_Node,wrong.java,Type_1_Original,Solution 3,1,4,2.5,3/4,7.5,4
P13,Maximum_Weight_Node,wrong.java,Type_2_Agnostic,Solution 1,4,10,4.0,3/4,7.5,5
P13,Maximum_Weight_Node,wrong.java,Type_3_Degraded_10,Solution 3,0,3,0.0,3/4,7.5,3
P13,Maximum_Weight_Node,wrong.java,Type_4_Degraded_30,Solution 3,0,2,0.0,3/4,7.5,2
P13,Maximum_Weight_Node,wrong.java,Type_5_Error_10,Solution 3,1,4,2.5,3/4,7.5,4
P13,Maximum_Weight_Node,wrong.java,Type_6_Error_30,Solution 3,1,4,2.5,3/4,7.5,4
P13,Maximum_Weight_Node,wrong.java,Type_7_Agnostic_Simple,Simple Agnostic Evaluation Rubric,4,10,4.0,3/4,7.5,2
P14,Minimum_Cost_Path,compilation_error.java,Type_1_Original,Solution 1,0,7,0.0,0/7,0.0,7
P14,Minimum_Cost_Path,compilation_error.java,Type_2_Agnostic,Solution 1,0,10,0.0,0/7,0.0,5
P14,Minimum_Cost_Path,compilation_error.java,Type_3_Degraded_10,Solution 1,0,6,0.0,0/7,0.0,6
P14,Minimum_Cost_Path,compilation_error.java,Type_4_Degraded_30,Solution 1,0,5,0.0,0/7,0.0,5
P14,Minimum_Cost_Path,compilation_error.java,Type_5_Error_10,Solution 1,0,7,0.0,0/7,0.0,7
P14,Minimum_Cost_Path,compilation_error.java,Type_6_Error_30,Solution 1,0,7,0.0,0/7,0.0,7
P14,Minimum_Cost_Path,compilation_error.java,Type_7_Agnostic_Simple,Solution 1,0,10,0.0,0/7,0.0,2
P14,Minimum_Cost_Path,correct_1.java,Type_1_Original,Solution 1,7,7,10.0,7/7,10.0,7
P14,Minimum_Cost_Path,correct_1.java,Type_2_Agnostic,Solution 1,8,10,8.0,7/7,10.0,5
P14,Minimum_Cost_Path,correct_1.java,Type_3_Degraded_10,Solution 1,6,6,10.0,7/7,10.0,6
P14,Minimum_Cost_Path,correct_1.java,Type_4_Degraded_30,Solution 1,5,5,10.0,7/7,10.0,5
P14,Minimum_Cost_Path,correct_1.java,Type_5_Error_10,Solution 1,7,7,10.0,7/7,10.0,7
P14,Minimum_Cost_Path,correct_1.java,Type_6_Error_30,Solution 1,6,7,8.57,7/7,10.0,7
P14,Minimum_Cost_Path,correct_1.java,Type_7_Agnostic_Simple,Solution 1,9,10,9.0,7/7,10.0,2
P14,Minimum_Cost_Path,correct_2.java,Type_1_Original,Solution 1,5,7,7.14,7/7,10.0,7
P14,Minimum_Cost_Path,correct_2.java,Type_2_Agnostic,Solution 1,5,10,5.0,7/7,10.0,5
P14,Minimum_Cost_Path,correct_2.java,Type_3_Degraded_10,Solution 1,5,6,8.33,7/7,10.0,6
P14,Minimum_Cost_Path,correct_2.java,Type_4_Degraded_30,Solution 1,3,5,6.0,7/7,10.0,5
P14,Minimum_Cost_Path,correct_2.java,Type_5_Error_10,Solution 1,5,7,7.14,7/7,10.0,7
P14,Minimum_Cost_Path,correct_2.java,Type_6_Error_30,Solution 1,4,7,5.71,7/7,10.0,7
P14,Minimum_Cost_Path,correct_2.java,Type_7_Agnostic_Simple,Solution 1,6,10,6.0,7/7,10.0,2
P14,Minimum_Cost_Path,correct_3.java,Type_1_Original,Solution 2,7,7,10.0,7/7,10.0,7
P14,Minimum_Cost_Path,correct_3.java,Type_2_Agnostic,Solution 1,8,10,8.0,7/7,10.0,5
P14,Minimum_Cost_Path,correct_3.java,Type_3_Degraded_10,Solution 2,6,6,10.0,7/7,10.0,6
P14,Minimum_Cost_Path,correct_3.java,Type_4_Degraded_30,Solution 2,5,5,10.0,7/7,10.0,5
P14,Minimum_Cost_Path,correct_3.java,Type_5_Error_10,Solution 2,6,7,8.57,7/7,10.0,7
P14,Minimum_Cost_Path,correct_3.java,Type_6_Error_30,Solution 1,5,7,7.14,7/7,10.0,7
P14,Minimum_Cost_Path,correct_3.java,Type_7_Agnostic_Simple,Solution 1,9,10,9.0,7/7,10.0,2
P14,Minimum_Cost_Path,TLE.java,Type_1_Original,Solution 1,5,7,7.14,7/7,10.0,7
P14,Minimum_Cost_Path,TLE.java,Type_2_Agnostic,Solution 1,6,10,6.0,7/7,10.0,5
P14,Minimum_Cost_Path,TLE.java,Type_3_Degraded_10,Solution 1,5,6,8.33,7/7,10.0,6
P14,Minimum_Cost_Path,TLE.java,Type_4_Degraded_30,Solution 1,4,5,8.0,7/7,10.0,5
P14,Minimum_Cost_Path,TLE.java,Type_5_Error_10,Solution 1,6,7,8.57,7/7,10.0,7
P14,Minimum_Cost_Path,TLE.java,Type_6_Error_30,Solution 1,5,7,7.14,7/7,10.0,7
P14,Minimum_Cost_Path,TLE.java,Type_7_Agnostic_Simple,Solution 1,5,10,5.0,7/7,10.0,2
P14,Minimum_Cost_Path,wrong.java,Type_1_Original,Solution 1,0,7,0.0,2/7,2.86,7
P14,Minimum_Cost_Path,wrong.java,Type_2_Agnostic,Solution 1,6,10,6.0,2/7,2.86,5
P14,Minimum_Cost_Path,wrong.java,Type_3_Degraded_10,Solution 1,0,6,0.0,2/7,2.86,6
P14,Minimum_Cost_Path,wrong.java,Type_4_Degraded_30,Solution 1,0,5,0.0,2/7,2.86,5
P14,Minimum_Cost_Path,wrong.java,Type_5_Error_10,Solution 1,0,7,0.0,2/7,2.86,7
P14,Minimum_Cost_Path,wrong.java,Type_6_Error_30,Solution 1,0,7,0.0,2/7,2.86,7
P14,Minimum_Cost_Path,wrong.java,Type_7_Agnostic_Simple,Solution 1,5,10,5.0,2/7,2.86,2
P15,Find_unique_element,compilation_error.java,Type_1_Original,Solution 1,4,6,6.67,3/6,5.0,6
P15,Find_unique_element,compilation_error.java,Type_2_Agnostic,Solution 1,7,10,7.0,3/6,5.0,5
P15,Find_unique_element,compilation_error.java,Type_3_Degraded_10,Solution 1,3,5,6.0,3/6,5.0,5
P15,Find_unique_element,compilation_error.java,Type_4_Degraded_30,Solution 1,2,4,5.0,3/6,5.0,4
P15,Find_unique_element,compilation_error.java,Type_5_Error_10,Solution 1,4,6,6.67,3/6,5.0,6
P15,Find_unique_element,compilation_error.java,Type_6_Error_30,Solution 1,4,6,6.67,3/6,5.0,6
P15,Find_unique_element,compilation_error.java,Type_7_Agnostic_Simple,Solution 1,7,10,7.0,3/6,5.0,2
P15,Find_unique_element,correct_1.java,Type_1_Original,Solution 3,2,5,4.0,4/5,8.0,5
P15,Find_unique_element,correct_1.java,Type_2_Agnostic,HashMap frequency count approach,6,10,6.0,4/5,8.0,5
P15,Find_unique_element,correct_1.java,Type_3_Degraded_10,Solution 3,2,4,5.0,4/5,8.0,4
P15,Find_unique_element,correct_1.java,Type_4_Degraded_30,Solution 3,2,3,6.67,4/5,8.0,3
P15,Find_unique_element,correct_1.java,Type_5_Error_10,Solution 3,2,5,4.0,4/5,8.0,5
P15,Find_unique_element,correct_1.java,Type_6_Error_30,Solution 3,3,5,6.0,4/5,8.0,5
P15,Find_unique_element,correct_1.java,Type_7_Agnostic_Simple,Simple Agnostic Evaluation Rubric,7,10,7.0,4/5,8.0,2
P15,Find_unique_element,correct_2.java,Type_1_Original,Solution 3,5,5,10.0,5/5,10.0,5
P15,Find_unique_element,correct_2.java,Type_2_Agnostic,HashMap frequency count approach,6,10,6.0,5/5,10.0,5
P15,Find_unique_element,correct_2.java,Type_3_Degraded_10,Solution 3,4,4,10.0,5/5,10.0,4
P15,Find_unique_element,correct_2.java,Type_4_Degraded_30,Solution 3,3,3,10.0,5/5,10.0,3
P15,Find_unique_element,correct_2.java,Type_5_Error_10,Solution 3,5,5,10.0,5/5,10.0,5
P15,Find_unique_element,correct_2.java,Type_6_Error_30,Solution 3,4,5,8.0,5/5,10.0,5
P15,Find_unique_element,correct_2.java,Type_7_Agnostic_Simple,Simple Agnostic Evaluation Rubric,7,10,7.0,5/5,10.0,2
P15,Find_unique_element,correct_3.java,Type_1_Original,Solution 2,5,5,10.0,5/5,10.0,5
P15,Find_unique_element,correct_3.java,Type_2_Agnostic,Solution 1,6,10,6.0,5/5,10.0,5
P15,Find_unique_element,correct_3.java,Type_3_Degraded_10,Solution 2,4,4,10.0,5/5,10.0,4
P15,Find_unique_element,correct_3.java,Type_4_Degraded_30,Solution 2,3,3,10.0,5/5,10.0,3
P15,Find_unique_element,correct_3.java,Type_5_Error_10,Solution 2,4,5,8.0,5/5,10.0,5
P15,Find_unique_element,correct_3.java,Type_6_Error_30,Solution 2,3,5,6.0,5/5,10.0,5
P15,Find_unique_element,correct_3.java,Type_7_Agnostic_Simple,Solution 1,6,10,6.0,5/5,10.0,2
P15,Find_unique_element,TLE.java,Type_1_Original,Solution 3,0,5,0.0,0/5,0.0,5
P15,Find_unique_element,TLE.java,Type_2_Agnostic,None (Custom/Ad-hoc),3,10,3.0,0/5,0.0,5
P15,Find_unique_element,TLE.java,Type_3_Degraded_10,Solution 3,0,4,0.0,0/5,0.0,4
P15,Find_unique_element,TLE.java,Type_4_Degraded_30,Solution 3,0,3,0.0,0/5,0.0,3
P15,Find_unique_element,TLE.java,Type_5_Error_10,Solution 3,0,5,0.0,0/5,0.0,5
P15,Find_unique_element,TLE.java,Type_6_Error_30,Solution 3,0,5,0.0,0/5,0.0,5
P15,Find_unique_element,TLE.java,Type_7_Agnostic_Simple,Simple Agnostic Evaluation Rubric,3,10,3.0,0/5,0.0,2
P15,Find_unique_element,wrong.java,Type_1_Original,Solution 3,2,5,4.0,2/5,4.0,5
P15,Find_unique_element,wrong.java,Type_2_Agnostic,Brute Force / Naive Approach,5,10,5.0,2/5,4.0,5
P15,Find_unique_element,wrong.java,Type_3_Degraded_10,Solution 3,2,4,5.0,2/5,4.0,4
P15,Find_unique_element,wrong.java,Type_4_Degraded_30,Solution 3,0,3,0.0,2/5,4.0,3
P15,Find_unique_element,wrong.java,Type_5_Error_10,Solution 3,1,5,2.0,2/5,4.0,5
P15,Find_unique_element,wrong.java,Type_6_Error_30,Solution 3,0,5,0.0,2/5,4.0,5
P15,Find_unique_element,wrong.java,Type_7_Agnostic_Simple,Simple Agnostic Evaluation Rubric,4,10,4.0,2/5,4.0,2
P16,Frequencies_in_a_Limited_Array,compilation_error.java,Type_1_Original,Solution 3,3,4,7.5,4/4,10.0,4
P16,Frequencies_in_a_Limited_Array,compilation_error.java,Type_2_Agnostic,Solution 1,7,10,7.0,4/4,10.0,5
P16,Frequencies_in_a_Limited_Array,compilation_error.java,Type_3_Degraded_10,Solution 3,2,3,6.67,4/4,10.0,3
P16,Frequencies_in_a_Limited_Array,compilation_error.java,Type_4_Degraded_30,Solution 3,1,2,5.0,4/4,10.0,2
P16,Frequencies_in_a_Limited_Array,compilation_error.java,Type_5_Error_10,Solution 3,2,4,5.0,4/4,10.0,4
P16,Frequencies_in_a_Limited_Array,compilation_error.java,Type_6_Error_30,Solution 3,1,4,2.5,4/4,10.0,4
P16,Frequencies_in_a_Limited_Array,compilation_error.java,Type_7_Agnostic_Simple,Simple Agnostic Evaluation Rubric,5,10,5.0,4/4,10.0,2
P16,Frequencies_in_a_Limited_Array,correct_1.java,Type_1_Original,Solution 3,4,4,10.0,4/4,10.0,4
P16,Frequencies_in_a_Limited_Array,correct_1.java,Type_2_Agnostic,Question Agnostic Evaluation Rubric,7,10,7.0,4/4,10.0,5
P16,Frequencies_in_a_Limited_Array,correct_1.java,Type_3_Degraded_10,Solution 3,3,3,10.0,4/4,10.0,3
P16,Frequencies_in_a_Limited_Array,correct_1.java,Type_4_Degraded_30,Solution 3,2,2,10.0,4/4,10.0,2
P16,Frequencies_in_a_Limited_Array,correct_1.java,Type_5_Error_10,Solution 3,3,4,7.5,4/4,10.0,4
P16,Frequencies_in_a_Limited_Array,correct_1.java,Type_6_Error_30,Solution 3,2,4,5.0,4/4,10.0,4
P16,Frequencies_in_a_Limited_Array,correct_1.java,Type_7_Agnostic_Simple,Simple Agnostic Evaluation Rubric,9,10,9.0,4/4,10.0,2
P16,Frequencies_in_a_Limited_Array,correct_2.java,Type_1_Original,Solution 3,4,4,10.0,4/4,10.0,4
P16,Frequencies_in_a_Limited_Array,correct_2.java,Type_2_Agnostic,Solution 1,6,10,6.0,4/4,10.0,5
P16,Frequencies_in_a_Limited_Array,correct_2.java,Type_3_Degraded_10,Solution 3,3,3,10.0,4/4,10.0,3
P16,Frequencies_in_a_Limited_Array,correct_2.java,Type_4_Degraded_30,Solution 3,2,2,10.0,4/4,10.0,2
P16,Frequencies_in_a_Limited_Array,correct_2.java,Type_5_Error_10,Solution 3,3,4,7.5,4/4,10.0,4
P16,Frequencies_in_a_Limited_Array,correct_2.java,Type_6_Error_30,Solution 3,2,4,5.0,4/4,10.0,4
P16,Frequencies_in_a_Limited_Array,correct_2.java,Type_7_Agnostic_Simple,Simple Agnostic Evaluation Rubric,8,10,8.0,4/4,10.0,2
P16,Frequencies_in_a_Limited_Array,correct_3.java,Type_1_Original,Solution 3,4,4,10.0,4/4,10.0,4
P16,Frequencies_in_a_Limited_Array,correct_3.java,Type_2_Agnostic,Question Agnostic Evaluation Rubric,7,10,7.0,4/4,10.0,5
P16,Frequencies_in_a_Limited_Array,correct_3.java,Type_3_Degraded_10,Solution 3,3,3,10.0,4/4,10.0,3
P16,Frequencies_in_a_Limited_Array,correct_3.java,Type_4_Degraded_30,Solution 3,2,2,10.0,4/4,10.0,2
P16,Frequencies_in_a_Limited_Array,correct_3.java,Type_5_Error_10,Solution 3,3,4,7.5,4/4,10.0,4
P16,Frequencies_in_a_Limited_Array,correct_3.java,Type_6_Error_30,Solution 3,2,4,5.0,4/4,10.0,4
P16,Frequencies_in_a_Limited_Array,correct_3.java,Type_7_Agnostic_Simple,Simple Agnostic Evaluation Rubric,9,10,9.0,4/4,10.0,2
P16,Frequencies_in_a_Limited_Array,TLE.java,Type_1_Original,Solution 1,2,4,5.0,3/4,7.5,4
P16,Frequencies_in_a_Limited_Array,TLE.java,Type_2_Agnostic,Solution 1,5,10,5.0,3/4,7.5,5
P16,Frequencies_in_a_Limited_Array,TLE.java,Type_3_Degraded_10,Solution 1,2,3,6.67,3/4,7.5,3
P16,Frequencies_in_a_Limited_Array,TLE.java,Type_4_Degraded_30,Solution 4,1,2,5.0,3/4,7.5,2
P16,Frequencies_in_a_Limited_Array,TLE.java,Type_5_Error_10,Solution 1,2,4,5.0,3/4,7.5,4
P16,Frequencies_in_a_Limited_Array,TLE.java,Type_6_Error_30,Solution 1,1,4,2.5,3/4,7.5,4
P16,Frequencies_in_a_Limited_Array,TLE.java,Type_7_Agnostic_Simple,Simple Agnostic Evaluation Rubric,6,10,6.0,3/4,7.5,2
P16,Frequencies_in_a_Limited_Array,wrong.java,Type_1_Original,Solution 3,2,4,5.0,2/4,5.0,4
P16,Frequencies_in_a_Limited_Array,wrong.java,Type_2_Agnostic,Solution 1,4,10,4.0,2/4,5.0,5
P16,Frequencies_in_a_Limited_Array,wrong.java,Type_3_Degraded_10,Solution 3,1,3,3.33,2/4,5.0,3
P16,Frequencies_in_a_Limited_Array,wrong.java,Type_4_Degraded_30,Solution 3,1,2,5.0,2/4,5.0,2
P16,Frequencies_in_a_Limited_Array,wrong.java,Type_5_Error_10,Solution 3,2,4,5.0,2/4,5.0,4
P16,Frequencies_in_a_Limited_Array,wrong.java,Type_6_Error_30,Solution 3,2,4,5.0,2/4,5.0,4
P16,Frequencies_in_a_Limited_Array,wrong.java,Type_7_Agnostic_Simple,Simple Agnostic Evaluation Rubric,3,10,3.0,2/4,5.0,2
P17,Longest_Subarray_with_Sum_K,compilation_error.java,Type_1_Original,Solution 2,5,5,10.0,5/5,10.0,5
P17,Longest_Subarray_with_Sum_K,compilation_error.java,Type_2_Agnostic,Solution 1,9,10,9.0,5/5,10.0,5
P17,Longest_Subarray_with_Sum_K,compilation_error.java,Type_3_Degraded_10,Solution 2,4,4,10.0,5/5,10.0,4
P17,Longest_Subarray_with_Sum_K,compilation_error.java,Type_4_Degraded_30,Solution 2,3,3,10.0,5/5,10.0,3
P17,Longest_Subarray_with_Sum_K,compilation_error.java,Type_5_Error_10,Solution 2,5,5,10.0,5/5,10.0,5
P17,Longest_Subarray_with_Sum_K,compilation_error.java,Type_6_Error_30,Solution 2,2,5,4.0,5/5,10.0,5
P17,Longest_Subarray_with_Sum_K,compilation_error.java,Type_7_Agnostic_Simple,Solution 1,10,10,10.0,5/5,10.0,2
P17,Longest_Subarray_with_Sum_K,correct_1.java,Type_1_Original,Solution 2,5,5,10.0,5/5,10.0,5
P17,Longest_Subarray_with_Sum_K,correct_1.java,Type_2_Agnostic,Solution 1,8,10,8.0,5/5,10.0,5
P17,Longest_Subarray_with_Sum_K,correct_1.java,Type_3_Degraded_10,Solution 2,4,4,10.0,5/5,10.0,4
P17,Longest_Subarray_with_Sum_K,correct_1.java,Type_4_Degraded_30,Solution 2,3,3,10.0,5/5,10.0,3
P17,Longest_Subarray_with_Sum_K,correct_1.java,Type_5_Error_10,Solution 2,5,5,10.0,5/5,10.0,5
P17,Longest_Subarray_with_Sum_K,correct_1.java,Type_6_Error_30,Solution 2,2,5,4.0,5/5,10.0,5
P17,Longest_Subarray_with_Sum_K,correct_1.java,Type_7_Agnostic_Simple,Solution 1,9,10,9.0,5/5,10.0,2
P17,Longest_Subarray_with_Sum_K,correct_2.java,Type_1_Original,Solution 2,5,5,10.0,5/5,10.0,5
P17,Longest_Subarray_with_Sum_K,correct_2.java,Type_2_Agnostic,Solution 1,8,10,8.0,5/5,10.0,5
P17,Longest_Subarray_with_Sum_K,correct_2.java,Type_3_Degraded_10,Solution 2,4,4,10.0,5/5,10.0,4
P17,Longest_Subarray_with_Sum_K,correct_2.java,Type_4_Degraded_30,Solution 2,3,3,10.0,5/5,10.0,3
P17,Longest_Subarray_with_Sum_K,correct_2.java,Type_5_Error_10,Solution 2,5,5,10.0,5/5,10.0,5
P17,Longest_Subarray_with_Sum_K,correct_2.java,Type_6_Error_30,Solution 2,2,5,4.0,5/5,10.0,5
P17,Longest_Subarray_with_Sum_K,correct_2.java,Type_7_Agnostic_Simple,Solution 1,9,10,9.0,5/5,10.0,2
P17,Longest_Subarray_with_Sum_K,correct_3.java,Type_1_Original,Solution 2,5,5,10.0,5/5,10.0,5
P17,Longest_Subarray_with_Sum_K,correct_3.java,Type_2_Agnostic,Solution 1,8,10,8.0,5/5,10.0,5
P17,Longest_Subarray_with_Sum_K,correct_3.java,Type_3_Degraded_10,Solution 2,4,4,10.0,5/5,10.0,4
P17,Longest_Subarray_with_Sum_K,correct_3.java,Type_4_Degraded_30,Solution 2,3,3,10.0,5/5,10.0,3
P17,Longest_Subarray_with_Sum_K,correct_3.java,Type_5_Error_10,Solution 2,5,5,10.0,5/5,10.0,5
P17,Longest_Subarray_with_Sum_K,correct_3.java,Type_6_Error_30,Solution 2,2,5,4.0,5/5,10.0,5
P17,Longest_Subarray_with_Sum_K,correct_3.java,Type_7_Agnostic_Simple,Solution 1,9,10,9.0,5/5,10.0,2
P17,Longest_Subarray_with_Sum_K,TLE.java,Type_1_Original,Solution 1,3,4,7.5,4/4,10.0,4
P17,Longest_Subarray_with_Sum_K,TLE.java,Type_2_Agnostic,Solution 1,7,10,7.0,4/4,10.0,5
P17,Longest_Subarray_with_Sum_K,TLE.java,Type_3_Degraded_10,Solution 1,2,3,6.67,4/4,10.0,3
P17,Longest_Subarray_with_Sum_K,TLE.java,Type_4_Degraded_30,Solution 1,2,2,10.0,4/4,10.0,2
P17,Longest_Subarray_with_Sum_K,TLE.java,Type_5_Error_10,Solution 1,3,4,7.5,4/4,10.0,4
P17,Longest_Subarray_with_Sum_K,TLE.java,Type_6_Error_30,Solution 1,1,4,2.5,4/4,10.0,4
P17,Longest_Subarray_with_Sum_K,TLE.java,Type_7_Agnostic_Simple,Simple Agnostic Evaluation Rubric,8,10,8.0,4/4,10.0,2
P17,Longest_Subarray_with_Sum_K,wrong.java,Type_1_Original,Solution 1,2,4,5.0,4/4,10.0,4
P17,Longest_Subarray_with_Sum_K,wrong.java,Type_2_Agnostic,Solution 1,2,10,2.0,4/4,10.0,5
P17,Longest_Subarray_with_Sum_K,wrong.java,Type_3_Degraded_10,Solution 1,1,3,3.33,4/4,10.0,3
P17,Longest_Subarray_with_Sum_K,wrong.java,Type_4_Degraded_30,Solution 1,1,2,5.0,4/4,10.0,2
P17,Longest_Subarray_with_Sum_K,wrong.java,Type_5_Error_10,Solution 1,2,4,5.0,4/4,10.0,4
P17,Longest_Subarray_with_Sum_K,wrong.java,Type_6_Error_30,Solution 1,1,4,2.5,4/4,10.0,4
P17,Longest_Subarray_with_Sum_K,wrong.java,Type_7_Agnostic_Simple,Brute Force,2,10,2.0,4/4,10.0,2
P18,Palindrome_Linked_List,compilation_error.java,Type_1_Original,Solution 3,3,4,7.5,3/4,7.5,4
P18,Palindrome_Linked_List,compilation_error.java,Type_2_Agnostic,Solution 1,7,10,7.0,3/4,7.5,5
P18,Palindrome_Linked_List,compilation_error.java,Type_3_Degraded_10,Solution 3,3,3,10.0,3/4,7.5,3
P18,Palindrome_Linked_List,compilation_error.java,Type_4_Degraded_30,Solution 3,2,2,10.0,3/4,7.5,2
P18,Palindrome_Linked_List,compilation_error.java,Type_5_Error_10,Solution 3,3,4,7.5,3/4,7.5,4
P18,Palindrome_Linked_List,compilation_error.java,Type_6_Error_30,Solution 3,2,4,5.0,3/4,7.5,4
P18,Palindrome_Linked_List,compilation_error.java,Type_7_Agnostic_Simple,Solution 1,7,10,7.0,3/4,7.5,2
P18,Palindrome_Linked_List,correct_1.java,Type_1_Original,Solution 3,3,4,7.5,3/4,7.5,4
P18,Palindrome_Linked_List,correct_1.java,Type_2_Agnostic,Solution 1,9,10,9.0,3/4,7.5,5
P18,Palindrome_Linked_List,correct_1.java,Type_3_Degraded_10,Solution 3,3,3,10.0,3/4,7.5,3
P18,Palindrome_Linked_List,correct_1.java,Type_4_Degraded_30,Solution 3,2,2,10.0,3/4,7.5,2
P18,Palindrome_Linked_List,correct_1.java,Type_5_Error_10,Solution 3,3,4,7.5,3/4,7.5,4
P18,Palindrome_Linked_List,correct_1.java,Type_6_Error_30,Solution 3,2,4,5.0,3/4,7.5,4
P18,Palindrome_Linked_List,correct_1.java,Type_7_Agnostic_Simple,Solution 1,8,10,8.0,3/4,7.5,2
P18,Palindrome_Linked_List,correct_2.java,Type_1_Original,Solution 3,2,4,5.0,3/4,7.5,4
P18,Palindrome_Linked_List,correct_2.java,Type_2_Agnostic,Solution 1,7,10,7.0,3/4,7.5,5
P18,Palindrome_Linked_List,correct_2.java,Type_3_Degraded_10,Solution 3,3,3,10.0,3/4,7.5,3
P18,Palindrome_Linked_List,correct_2.java,Type_4_Degraded_30,Solution 3,2,2,10.0,3/4,7.5,2
P18,Palindrome_Linked_List,correct_2.java,Type_5_Error_10,Solution 3,2,4,5.0,3/4,7.5,4
P18,Palindrome_Linked_List,correct_2.java,Type_6_Error_30,Solution 3,1,4,2.5,3/4,7.5,4
P18,Palindrome_Linked_List,correct_2.java,Type_7_Agnostic_Simple,Solution 1,8,10,8.0,3/4,7.5,2
P18,Palindrome_Linked_List,correct_3.java,Type_1_Original,Solution 3,4,4,10.0,4/4,10.0,4
P18,Palindrome_Linked_List,correct_3.java,Type_2_Agnostic,Solution 1,7,10,7.0,4/4,10.0,5
P18,Palindrome_Linked_List,correct_3.java,Type_3_Degraded_10,Solution 3,3,3,10.0,4/4,10.0,3
P18,Palindrome_Linked_List,correct_3.java,Type_4_Degraded_30,Solution 3,2,2,10.0,4/4,10.0,2
P18,Palindrome_Linked_List,correct_3.java,Type_5_Error_10,Solution 3,4,4,10.0,4/4,10.0,4
P18,Palindrome_Linked_List,correct_3.java,Type_6_Error_30,Solution 3,2,4,5.0,4/4,10.0,4
P18,Palindrome_Linked_List,correct_3.java,Type_7_Agnostic_Simple,Solution 1,8,10,8.0,4/4,10.0,2
P18,Palindrome_Linked_List,TLE.java,Type_1_Original,Solution 3,4,4,10.0,4/4,10.0,4
P18,Palindrome_Linked_List,TLE.java,Type_2_Agnostic,Solution 1,8,10,8.0,4/4,10.0,5
P18,Palindrome_Linked_List,TLE.java,Type_3_Degraded_10,Solution 3,3,3,10.0,4/4,10.0,3
P18,Palindrome_Linked_List,TLE.java,Type_4_Degraded_30,Solution 3,2,2,10.0,4/4,10.0,2
P18,Palindrome_Linked_List,TLE.java,Type_5_Error_10,Solution 3,4,4,10.0,4/4,10.0,4
P18,Palindrome_Linked_List,TLE.java,Type_6_Error_30,Solution 3,2,4,5.0,4/4,10.0,4
P18,Palindrome_Linked_List,TLE.java,Type_7_Agnostic_Simple,Solution 1,8,10,8.0,4/4,10.0,2
P18,Palindrome_Linked_List,wrong.java,Type_1_Original,Solution 3,3,4,7.5,3/4,7.5,4
P18,Palindrome_Linked_List,wrong.java,Type_2_Agnostic,Solution 1,6,10,6.0,3/4,7.5,5
P18,Palindrome_Linked_List,wrong.java,Type_3_Degraded_10,Solution 3,2,3,6.67,3/4,7.5,3
P18,Palindrome_Linked_List,wrong.java,Type_4_Degraded_30,Solution 3,1,2,5.0,3/4,7.5,2
P18,Palindrome_Linked_List,wrong.java,Type_5_Error_10,Solution 3,3,4,7.5,3/4,7.5,4
P18,Palindrome_Linked_List,wrong.java,Type_6_Error_30,Solution 3,2,4,5.0,3/4,7.5,4
P18,Palindrome_Linked_List,wrong.java,Type_7_Agnostic_Simple,Solution 1,7,10,7.0,3/4,7.5,2
P19,Reverse_a_linked_list,compilation_error.java,Type_1_Original,Solution 1,3,4,7.5,4/4,10.0,3
P19,Reverse_a_linked_list,compilation_error.java,Type_2_Agnostic,Solution 1,7,10,7.0,4/4,10.0,5
P19,Reverse_a_linked_list,compilation_error.java,Type_3_Degraded_10,Solution 1,3,4,7.5,4/4,10.0,3
P19,Reverse_a_linked_list,compilation_error.java,Type_4_Degraded_30,Solution 1,1,3,3.33,4/4,10.0,2
P19,Reverse_a_linked_list,compilation_error.java,Type_5_Error_10,Solution 1,3,4,7.5,4/4,10.0,3
P19,Reverse_a_linked_list,compilation_error.java,Type_6_Error_30,Solution 1,2,4,5.0,4/4,10.0,3
P19,Reverse_a_linked_list,compilation_error.java,Type_7_Agnostic_Simple,Simple Agnostic Evaluation Rubric,4,10,4.0,4/4,10.0,2
P19,Reverse_a_linked_list,correct_1.java,Type_1_Original,Solution 2,4,4,10.0,4/4,10.0,4
P19,Reverse_a_linked_list,correct_1.java,Type_2_Agnostic,Recursive Solution,9,10,9.0,4/4,10.0,5
P19,Reverse_a_linked_list,correct_1.java,Type_3_Degraded_10,Solution 2,3,3,10.0,4/4,10.0,3
P19,Reverse_a_linked_list,correct_1.java,Type_4_Degraded_30,Solution 2,2,2,10.0,4/4,10.0,2
P19,Reverse_a_linked_list,correct_1.java,Type_5_Error_10,Solution 2,4,4,10.0,4/4,10.0,4
P19,Reverse_a_linked_list,correct_1.java,Type_6_Error_30,Solution 2,4,4,10.0,4/4,10.0,4
P19,Reverse_a_linked_list,correct_1.java,Type_7_Agnostic_Simple,Core Functionality and Efficiency Rubric,9,10,9.0,4/4,10.0,2
P19,Reverse_a_linked_list,correct_2.java,Type_1_Original,Solution 1,4,4,10.0,4/4,10.0,3
P19,Reverse_a_linked_list,correct_2.java,Type_2_Agnostic,Solution 1,9,10,9.0,4/4,10.0,5
P19,Reverse_a_linked_list,correct_2.java,Type_3_Degraded_10,Solution 1,4,4,10.0,4/4,10.0,3
P19,Reverse_a_linked_list,correct_2.java,Type_4_Degraded_30,Solution 1,3,3,10.0,4/4,10.0,2
P19,Reverse_a_linked_list,correct_2.java,Type_5_Error_10,Solution 1,4,4,10.0,4/4,10.0,3
P19,Reverse_a_linked_list,correct_2.java,Type_6_Error_30,Solution 1,4,4,10.0,4/4,10.0,3
P19,Reverse_a_linked_list,correct_2.java,Type_7_Agnostic_Simple,Core Functionality and Efficiency,10,10,10.0,4/4,10.0,2
P19,Reverse_a_linked_list,correct_3.java,Type_1_Original,Solution 1,4,4,10.0,4/4,10.0,3
P19,Reverse_a_linked_list,correct_3.java,Type_2_Agnostic,Solution 1,9,10,9.0,4/4,10.0,5
P19,Reverse_a_linked_list,correct_3.java,Type_3_Degraded_10,Solution 1,4,4,10.0,4/4,10.0,3
P19,Reverse_a_linked_list,correct_3.java,Type_4_Degraded_30,Solution 1,3,3,10.0,4/4,10.0,2
P19,Reverse_a_linked_list,correct_3.java,Type_5_Error_10,Solution 1,4,4,10.0,4/4,10.0,3
P19,Reverse_a_linked_list,correct_3.java,Type_6_Error_30,Solution 1,3,4,7.5,4/4,10.0,3
P19,Reverse_a_linked_list,correct_3.java,Type_7_Agnostic_Simple,Simple Agnostic Evaluation Rubric,9,10,9.0,4/4,10.0,2
P19,Reverse_a_linked_list,TLE.java,Type_1_Original,Solution 1,4,4,10.0,4/4,10.0,3
P19,Reverse_a_linked_list,TLE.java,Type_2_Agnostic,Solution 1,9,10,9.0,4/4,10.0,5
P19,Reverse_a_linked_list,TLE.java,Type_3_Degraded_10,Solution 1,4,4,10.0,4/4,10.0,3
P19,Reverse_a_linked_list,TLE.java,Type_4_Degraded_30,Solution 1,3,3,10.0,4/4,10.0,2
P19,Reverse_a_linked_list,TLE.java,Type_5_Error_10,Solution 1,4,4,10.0,4/4,10.0,3
P19,Reverse_a_linked_list,TLE.java,Type_6_Error_30,Solution 1,3,4,7.5,4/4,10.0,3
P19,Reverse_a_linked_list,TLE.java,Type_7_Agnostic_Simple,Simple Agnostic Evaluation Rubric,9,10,9.0,4/4,10.0,2
P19,Reverse_a_linked_list,wrong.java,Type_1_Original,Solution 1,4,4,10.0,4/4,10.0,3
P19,Reverse_a_linked_list,wrong.java,Type_2_Agnostic,Solution 1,9,10,9.0,4/4,10.0,5
P19,Reverse_a_linked_list,wrong.java,Type_3_Degraded_10,Solution 1,4,4,10.0,4/4,10.0,3
P19,Reverse_a_linked_list,wrong.java,Type_4_Degraded_30,Solution 1,3,3,10.0,4/4,10.0,2
P19,Reverse_a_linked_list,wrong.java,Type_5_Error_10,Solution 1,4,4,10.0,4/4,10.0,3
P19,Reverse_a_linked_list,wrong.java,Type_6_Error_30,Solution 1,4,4,10.0,4/4,10.0,3
P19,Reverse_a_linked_list,wrong.java,Type_7_Agnostic_Simple,Simple Agnostic Evaluation Rubric,9,10,9.0,4/4,10.0,2
P20,Anagram,compilation_error.java,Type_1_Original,Solution 3,3,4,7.5,4/4,10.0,2
P20,Anagram,compilation_error.java,Type_2_Agnostic,Solution 1,7,10,7.0,4/4,10.0,5
P20,Anagram,compilation_error.java,Type_3_Degraded_10,Solution 3,3,4,7.5,4/4,10.0,2
P20,Anagram,compilation_error.java,Type_4_Degraded_30,Solution 3,1,2,5.0,4/4,10.0,1
P20,Anagram,compilation_error.java,Type_5_Error_10,Solution 3,3,4,7.5,4/4,10.0,2
P20,Anagram,compilation_error.java,Type_6_Error_30,Solution 3,2,4,5.0,4/4,10.0,2
P20,Anagram,compilation_error.java,Type_7_Agnostic_Simple,Simple Agnostic Evaluation Rubric,6,10,6.0,4/4,10.0,2
P20,Anagram,correct_1.java,Type_1_Original,Solution 1,4,4,10.0,4/4,10.0,4
P20,Anagram,correct_1.java,Type_2_Agnostic,Solution 1,9,10,9.0,4/4,10.0,5
P20,Anagram,correct_1.java,Type_3_Degraded_10,Solution 1,3,3,10.0,4/4,10.0,3
P20,Anagram,correct_1.java,Type_4_Degraded_30,Solution 1,2,2,10.0,4/4,10.0,2
P20,Anagram,correct_1.java,Type_5_Error_10,Solution 1,3,4,7.5,4/4,10.0,4
P20,Anagram,correct_1.java,Type_6_Error_30,Solution 1,3,4,7.5,4/4,10.0,4
P20,Anagram,correct_1.java,Type_7_Agnostic_Simple,Solution 1,10,10,10.0,4/4,10.0,2
P20,Anagram,correct_2.java,Type_1_Original,Solution 1,4,4,10.0,4/4,10.0,4
P20,Anagram,correct_2.java,Type_2_Agnostic,Frequency Count Array,8,10,8.0,4/4,10.0,5
P20,Anagram,correct_2.java,Type_3_Degraded_10,Solution 1,3,3,10.0,4/4,10.0,3
P20,Anagram,correct_2.java,Type_4_Degraded_30,Solution 1,2,2,10.0,4/4,10.0,2
P20,Anagram,correct_2.java,Type_5_Error_10,Solution 1,2,4,5.0,4/4,10.0,4
P20,Anagram,correct_2.java,Type_6_Error_30,Solution 1,3,4,7.5,4/4,10.0,4
P20,Anagram,correct_2.java,Type_7_Agnostic_Simple,Solution 1,8,10,8.0,4/4,10.0,2
P20,Anagram,correct_3.java,Type_1_Original,Solution 1,4,4,10.0,4/4,10.0,4
P20,Anagram,correct_3.java,Type_2_Agnostic,Solution 1,9,10,9.0,4/4,10.0,5
P20,Anagram,correct_3.java,Type_3_Degraded_10,Solution 1,3,3,10.0,4/4,10.0,3
P20,Anagram,correct_3.java,Type_4_Degraded_30,Solution 1,2,2,10.0,4/4,10.0,2
P20,Anagram,correct_3.java,Type_5_Error_10,Solution 1,3,4,7.5,4/4,10.0,4
P20,Anagram,correct_3.java,Type_6_Error_30,Solution 1,2,4,5.0,4/4,10.0,4
P20,Anagram,correct_3.java,Type_7_Agnostic_Simple,Solution 1,10,10,10.0,4/4,10.0,2
P20,Anagram,TLE.java,Type_1_Original,Solution 1,3,4,7.5,4/4,10.0,4
P20,Anagram,TLE.java,Type_2_Agnostic,Frequency Count Array,7,10,7.0,4/4,10.0,5
P20,Anagram,TLE.java,Type_3_Degraded_10,Solution 1,2,3,6.67,4/4,10.0,3
P20,Anagram,TLE.java,Type_4_Degraded_30,Solution 1,2,2,10.0,4/4,10.0,2
P20,Anagram,TLE.java,Type_5_Error_10,Solution 1,3,4,7.5,4/4,10.0,4
P20,Anagram,TLE.java,Type_6_Error_30,Solution 1,2,4,5.0,4/4,10.0,4
P20,Anagram,TLE.java,Type_7_Agnostic_Simple,Solution 1,5,10,5.0,4/4,10.0,2
P20,Anagram,wrong.java,Type_1_Original,Solution 1,0,4,0.0,0/4,0.0,4
P20,Anagram,wrong.java,Type_2_Agnostic,Solution 1,4,10,4.0,0/4,0.0,5
P20,Anagram,wrong.java,Type_3_Degraded_10,Solution 1,0,3,0.0,0/4,0.0,3
P20,Anagram,wrong.java,Type_4_Degraded_30,Solution 1,0,2,0.0,0/4,0.0,2
P20,Anagram,wrong.java,Type_5_Error_10,Solution 1,0,4,0.0,0/4,0.0,4
P20,Anagram,wrong.java,Type_6_Error_30,Solution 1,0,4,0.0,0/4,0.0,4
P20,Anagram,wrong.java,Type_7_Agnostic_Simple,Simple Agnostic Evaluation Rubric,5,10,5.0,0/4,0.0,2
P21,Circle_of_strings,compilation_error.java,Type_1_Original,Solution 1,3,4,7.5,4/4,10.0,4
P21,Circle_of_strings,compilation_error.java,Type_2_Agnostic,Solution 1,7,10,7.0,4/4,10.0,5
P21,Circle_of_strings,compilation_error.java,Type_3_Degraded_10,Solution 1,2,3,6.67,4/4,10.0,3
P21,Circle_of_strings,compilation_error.java,Type_4_Degraded_30,Solution 1,2,2,10.0,4/4,10.0,2
P21,Circle_of_strings,compilation_error.java,Type_5_Error_10,Solution 1,3,4,7.5,4/4,10.0,4
P21,Circle_of_strings,compilation_error.java,Type_6_Error_30,Solution 1,2,4,5.0,4/4,10.0,4
P21,Circle_of_strings,compilation_error.java,Type_7_Agnostic_Simple,Solution 1,5,10,5.0,4/4,10.0,2
P21,Circle_of_strings,correct_1.java,Type_1_Original,Solution 1,3,4,7.5,4/4,10.0,4
P21,Circle_of_strings,correct_1.java,Type_2_Agnostic,Solution 1,7,10,7.0,4/4,10.0,5
P21,Circle_of_strings,correct_1.java,Type_3_Degraded_10,Solution 1,2,3,6.67,4/4,10.0,3
P21,Circle_of_strings,correct_1.java,Type_4_Degraded_30,Solution 1,2,2,10.0,4/4,10.0,2
P21,Circle_of_strings,correct_1.java,Type_5_Error_10,Solution 1,4,4,10.0,4/4,10.0,4
P21,Circle_of_strings,correct_1.java,Type_6_Error_30,Solution 1,3,4,7.5,4/4,10.0,4
P21,Circle_of_strings,correct_1.java,Type_7_Agnostic_Simple,Solution 1,7,10,7.0,4/4,10.0,2
P21,Circle_of_strings,correct_2.java,Type_1_Original,Solution 1,4,4,10.0,4/4,10.0,4
P21,Circle_of_strings,correct_2.java,Type_2_Agnostic,Solution 1,7,10,7.0,4/4,10.0,5
P21,Circle_of_strings,correct_2.java,Type_3_Degraded_10,Solution 1,2,3,6.67,4/4,10.0,3
P21,Circle_of_strings,correct_2.java,Type_4_Degraded_30,Solution 1,2,2,10.0,4/4,10.0,2
P21,Circle_of_strings,correct_2.java,Type_5_Error_10,Solution 1,4,4,10.0,4/4,10.0,4
P21,Circle_of_strings,correct_2.java,Type_6_Error_30,Solution 1,3,4,7.5,4/4,10.0,4
P21,Circle_of_strings,correct_2.java,Type_7_Agnostic_Simple,Solution 1,7,10,7.0,4/4,10.0,2
P21,Circle_of_strings,correct_3.java,Type_1_Original,Solution 1,4,4,10.0,4/4,10.0,4
P21,Circle_of_strings,correct_3.java,Type_2_Agnostic,Solution 1,7,10,7.0,4/4,10.0,5
P21,Circle_of_strings,correct_3.java,Type_3_Degraded_10,Solution 1,3,3,10.0,4/4,10.0,3
P21,Circle_of_strings,correct_3.java,Type_4_Degraded_30,Solution 1,2,2,10.0,4/4,10.0,2
P21,Circle_of_strings,correct_3.java,Type_5_Error_10,Solution 1,4,4,10.0,4/4,10.0,4
P21,Circle_of_strings,correct_3.java,Type_6_Error_30,Solution 1,3,4,7.5,4/4,10.0,4
P21,Circle_of_strings,correct_3.java,Type_7_Agnostic_Simple,Solution 1,7,10,7.0,4/4,10.0,2
P21,Circle_of_strings,TLE.java,Type_1_Original,Solution 3,3,4,7.5,3/4,7.5,4
P21,Circle_of_strings,TLE.java,Type_2_Agnostic,Solution 1,5,10,5.0,3/4,7.5,5
P21,Circle_of_strings,TLE.java,Type_3_Degraded_10,Solution 3,1,3,3.33,3/4,7.5,3
P21,Circle_of_strings,TLE.java,Type_4_Degraded_30,Solution 3,1,2,5.0,3/4,7.5,2
P21,Circle_of_strings,TLE.java,Type_5_Error_10,Solution 3,3,4,7.5,3/4,7.5,4
P21,Circle_of_strings,TLE.java,Type_6_Error_30,Solution 3,2,4,5.0,3/4,7.5,4
P21,Circle_of_strings,TLE.java,Type_7_Agnostic_Simple,Solution 1,4,10,4.0,3/4,7.5,2
P21,Circle_of_strings,wrong.java,Type_1_Original,Solution 3,0,4,0.0,1/4,2.5,4
P21,Circle_of_strings,wrong.java,Type_2_Agnostic,Solution 1,4,10,4.0,1/4,2.5,5
P21,Circle_of_strings,wrong.java,Type_3_Degraded_10,Solution 3,0,3,0.0,1/4,2.5,3
P21,Circle_of_strings,wrong.java,Type_4_Degraded_30,Solution 3,0,2,0.0,1/4,2.5,2
P21,Circle_of_strings,wrong.java,Type_5_Error_10,Solution 3,0,4,0.0,1/4,2.5,4
P21,Circle_of_strings,wrong.java,Type_6_Error_30,Solution 3,0,4,0.0,1/4,2.5,4
P21,Circle_of_strings,wrong.java,Type_7_Agnostic_Simple,Solution 1,2,10,2.0,1/4,2.5,2
P22,Longest_Common_Substring,compilation_error.java,Type_1_Original,Solution 2,3,4,7.5,3/4,7.5,4
P22,Longest_Common_Substring,compilation_error.java,Type_2_Agnostic,Solution 1,6,10,6.0,3/4,7.5,5
P22,Longest_Common_Substring,compilation_error.java,Type_3_Degraded_10,Solution 2,2,3,6.67,3/4,7.5,3
P22,Longest_Common_Substring,compilation_error.java,Type_4_Degraded_30,Solution 2,2,2,10.0,3/4,7.5,2
P22,Longest_Common_Substring,compilation_error.java,Type_5_Error_10,Solution 2,2,4,5.0,3/4,7.5,4
P22,Longest_Common_Substring,compilation_error.java,Type_6_Error_30,Solution 2,2,4,5.0,3/4,7.5,4
P22,Longest_Common_Substring,compilation_error.java,Type_7_Agnostic_Simple,Solution 1,3,10,3.0,3/4,7.5,2
P22,Longest_Common_Substring,correct_1.java,Type_1_Original,Solution 3,4,4,10.0,4/4,10.0,4
P22,Longest_Common_Substring,correct_1.java,Type_2_Agnostic,Space-Optimized DP (lcs_space),9,10,9.0,4/4,10.0,5
P22,Longest_Common_Substring,correct_1.java,Type_3_Degraded_10,Solution 3,3,3,10.0,4/4,10.0,3
P22,Longest_Common_Substring,correct_1.java,Type_4_Degraded_30,Solution 3,2,2,10.0,4/4,10.0,2
P22,Longest_Common_Substring,correct_1.java,Type_5_Error_10,Solution 3: Space-Optimized DP Approach,3,4,7.5,4/4,10.0,4
P22,Longest_Common_Substring,correct_1.java,Type_6_Error_30,Solution 3,2,4,5.0,4/4,10.0,4
P22,Longest_Common_Substring,correct_1.java,Type_7_Agnostic_Simple,Solution 1,7,10,7.0,4/4,10.0,2
P22,Longest_Common_Substring,correct_2.java,Type_1_Original,Solution 2,4,4,10.0,4/4,10.0,4
P22,Longest_Common_Substring,correct_2.java,Type_2_Agnostic,Solution 1,9,10,9.0,4/4,10.0,5
P22,Longest_Common_Substring,correct_2.java,Type_3_Degraded_10,Solution 2,3,3,10.0,4/4,10.0,3
P22,Longest_Common_Substring,correct_2.java,Type_4_Degraded_30,Solution 2,2,2,10.0,4/4,10.0,2
P22,Longest_Common_Substring,correct_2.java,Type_5_Error_10,Solution 2,3,4,7.5,4/4,10.0,4
P22,Longest_Common_Substring,correct_2.java,Type_6_Error_30,Solution 2,3,4,7.5,4/4,10.0,4
P22,Longest_Common_Substring,correct_2.java,Type_7_Agnostic_Simple,Solution 1,10,10,10.0,4/4,10.0,2
P22,Longest_Common_Substring,correct_3.java,Type_1_Original,Solution 2,4,4,10.0,4/4,10.0,4
P22,Longest_Common_Substring,correct_3.java,Type_2_Agnostic,Solution 1,9,10,9.0,4/4,10.0,5
P22,Longest_Common_Substring,correct_3.java,Type_3_Degraded_10,Solution 2,3,3,10.0,4/4,10.0,3
P22,Longest_Common_Substring,correct_3.java,Type_4_Degraded_30,Solution 2,2,2,10.0,4/4,10.0,2
P22,Longest_Common_Substring,correct_3.java,Type_5_Error_10,Solution 2,3,4,7.5,4/4,10.0,4
P22,Longest_Common_Substring,correct_3.java,Type_6_Error_30,Solution 2,3,4,7.5,4/4,10.0,4
P22,Longest_Common_Substring,correct_3.java,Type_7_Agnostic_Simple,Solution 1,10,10,10.0,4/4,10.0,2
P22,Longest_Common_Substring,TLE.java,Type_1_Original,Solution 4,3,4,7.5,3/4,7.5,4
P22,Longest_Common_Substring,TLE.java,Type_2_Agnostic,Recursive approach (lcs_rec) for longest common substring,4,10,4.0,3/4,7.5,5
P22,Longest_Common_Substring,TLE.java,Type_3_Degraded_10,Solution 4,2,3,6.67,3/4,7.5,3
P22,Longest_Common_Substring,TLE.java,Type_4_Degraded_30,Solution 4: Recursive Approach with LCSuffix Helper,1,2,5.0,3/4,7.5,2
P22,Longest_Common_Substring,TLE.java,Type_5_Error_10,Solution 4,3,4,7.5,3/4,7.5,4
P22,Longest_Common_Substring,TLE.java,Type_6_Error_30,Solution 4,0,4,0.0,3/4,7.5,4
P22,Longest_Common_Substring,TLE.java,Type_7_Agnostic_Simple,Simple Agnostic Evaluation Rubric,3,10,3.0,3/4,7.5,2
P22,Longest_Common_Substring,wrong.java,Type_1_Original,Solution 2,3,4,7.5,3/4,7.5,4
P22,Longest_Common_Substring,wrong.java,Type_2_Agnostic,Solution 1,6,10,6.0,3/4,7.5,5
P22,Longest_Common_Substring,wrong.java,Type_3_Degraded_10,Solution 2,2,3,6.67,3/4,7.5,3
P22,Longest_Common_Substring,wrong.java,Type_4_Degraded_30,Solution 2,1,2,5.0,3/4,7.5,2
P22,Longest_Common_Substring,wrong.java,Type_5_Error_10,Solution 2,2,4,5.0,3/4,7.5,4
P22,Longest_Common_Substring,wrong.java,Type_6_Error_30,Solution 2,2,4,5.0,3/4,7.5,4
P22,Longest_Common_Substring,wrong.java,Type_7_Agnostic_Simple,Solution 1,6,10,6.0,3/4,7.5,2
P23,Remove_consonants_from_a_string,compilation_error.java,Type_1_Original,Solution 2,4,5,8.0,4/5,8.0,5
P23,Remove_consonants_from_a_string,compilation_error.java,Type_2_Agnostic,Solution 1,6,10,6.0,4/5,8.0,5
P23,Remove_consonants_from_a_string,compilation_error.java,Type_3_Degraded_10,Solution 2,3,4,7.5,4/5,8.0,4
P23,Remove_consonants_from_a_string,compilation_error.java,Type_4_Degraded_30,Solution 2,2,3,6.67,4/5,8.0,3
P23,Remove_consonants_from_a_string,compilation_error.java,Type_5_Error_10,Solution 2,3,5,6.0,4/5,8.0,5
P23,Remove_consonants_from_a_string,compilation_error.java,Type_6_Error_30,Solution 2,2,5,4.0,4/5,8.0,5
P23,Remove_consonants_from_a_string,compilation_error.java,Type_7_Agnostic_Simple,Simple Agnostic Evaluation Rubric,5,10,5.0,4/5,8.0,2
P23,Remove_consonants_from_a_string,correct_1.java,Type_1_Original,Solution 2,5,5,10.0,5/5,10.0,5
P23,Remove_consonants_from_a_string,correct_1.java,Type_2_Agnostic,Solution 1,9,10,9.0,5/5,10.0,5
P23,Remove_consonants_from_a_string,correct_1.java,Type_3_Degraded_10,Solution 2,4,4,10.0,5/5,10.0,4
P23,Remove_consonants_from_a_string,correct_1.java,Type_4_Degraded_30,Solution 2,3,3,10.0,5/5,10.0,3
P23,Remove_consonants_from_a_string,correct_1.java,Type_5_Error_10,Solution 2,4,5,8.0,5/5,10.0,5
P23,Remove_consonants_from_a_string,correct_1.java,Type_6_Error_30,Solution 2,3,5,6.0,5/5,10.0,5
P23,Remove_consonants_from_a_string,correct_1.java,Type_7_Agnostic_Simple,Simple Agnostic Evaluation Rubric,9,10,9.0,5/5,10.0,2
P23,Remove_consonants_from_a_string,correct_2.java,Type_1_Original,Solution 1,5,5,10.0,5/5,10.0,5
P23,Remove_consonants_from_a_string,correct_2.java,Type_2_Agnostic,Solution 1,9,10,9.0,5/5,10.0,5
P23,Remove_consonants_from_a_string,correct_2.java,Type_3_Degraded_10,Solution 1,4,4,10.0,5/5,10.0,4
P23,Remove_consonants_from_a_string,correct_2.java,Type_4_Degraded_30,Solution 1,3,3,10.0,5/5,10.0,3
P23,Remove_consonants_from_a_string,correct_2.java,Type_5_Error_10,Solution 1,4,5,8.0,5/5,10.0,5
P23,Remove_consonants_from_a_string,correct_2.java,Type_6_Error_30,Solution 1,3,5,6.0,5/5,10.0,5
P23,Remove_consonants_from_a_string,correct_2.java,Type_7_Agnostic_Simple,Simple Agnostic Evaluation Rubric,10,10,10.0,5/5,10.0,2
P23,Remove_consonants_from_a_string,correct_3.java,Type_1_Original,Solution 3,6,6,10.0,6/6,10.0,6
P23,Remove_consonants_from_a_string,correct_3.java,Type_2_Agnostic,Solution 1,7,10,7.0,6/6,10.0,5
P23,Remove_consonants_from_a_string,correct_3.java,Type_3_Degraded_10,Solution 3,5,5,10.0,6/6,10.0,5
P23,Remove_consonants_from_a_string,correct_3.java,Type_4_Degraded_30,Solution 3,4,4,10.0,6/6,10.0,4
P23,Remove_consonants_from_a_string,correct_3.java,Type_5_Error_10,Solution 3,5,6,8.33,6/6,10.0,6
P23,Remove_consonants_from_a_string,correct_3.java,Type_6_Error_30,Solution 3,4,6,6.67,6/6,10.0,6
P23,Remove_consonants_from_a_string,correct_3.java,Type_7_Agnostic_Simple,Simple Agnostic Evaluation Rubric,8,10,8.0,6/6,10.0,2
P23,Remove_consonants_from_a_string,TLE.java,Type_1_Original,Solution 2,3,5,6.0,5/5,10.0,5
P23,Remove_consonants_from_a_string,TLE.java,Type_2_Agnostic,Solution 1,7,10,7.0,5/5,10.0,5
P23,Remove_consonants_from_a_string,TLE.java,Type_3_Degraded_10,Solution 2,3,4,7.5,5/5,10.0,4
P23,Remove_consonants_from_a_string,TLE.java,Type_4_Degraded_30,Solution 2,3,3,10.0,5/5,10.0,3
P23,Remove_consonants_from_a_string,TLE.java,Type_5_Error_10,Solution 2,3,5,6.0,5/5,10.0,5
P23,Remove_consonants_from_a_string,TLE.java,Type_6_Error_30,Solution 2,2,5,4.0,5/5,10.0,5
P23,Remove_consonants_from_a_string,TLE.java,Type_7_Agnostic_Simple,Solution 1,5,10,5.0,5/5,10.0,2
P23,Remove_consonants_from_a_string,wrong.java,Type_1_Original,Solution 2,4,5,8.0,4/5,8.0,5
P23,Remove_consonants_from_a_string,wrong.java,Type_2_Agnostic,Solution 1,8,10,8.0,4/5,8.0,5
P23,Remove_consonants_from_a_string,wrong.java,Type_3_Degraded_10,Solution 2,3,4,7.5,4/5,8.0,4
P23,Remove_consonants_from_a_string,wrong.java,Type_4_Degraded_30,Solution 2,2,3,6.67,4/5,8.0,3
P23,Remove_consonants_from_a_string,wrong.java,Type_5_Error_10,Solution 2,4,5,8.0,4/5,8.0,5
P23,Remove_consonants_from_a_string,wrong.java,Type_6_Error_30,Solution 2,3,5,6.0,4/5,8.0,5
P23,Remove_consonants_from_a_string,wrong.java,Type_7_Agnostic_Simple,Solution 1,8,10,8.0,4/5,8.0,2
P24,Check_for_BST,compilation_error.java,Type_1_Original,Solution 1,5,6,8.33,6/6,10.0,6
P24,Check_for_BST,compilation_error.java,Type_2_Agnostic,Solution 1,6,10,6.0,6/6,10.0,5
P24,Check_for_BST,compilation_error.java,Type_3_Degraded_10,Solution 1,4,5,8.0,6/6,10.0,5
P24,Check_for_BST,compilation_error.java,Type_4_Degraded_30,Solution 1,3,4,7.5,6/6,10.0,4
P24,Check_for_BST,compilation_error.java,Type_5_Error_10,Solution 1,5,6,8.33,6/6,10.0,6
P24,Check_for_BST,compilation_error.java,Type_6_Error_30,Solution 1,4,6,6.67,6/6,10.0,6
P24,Check_for_BST,compilation_error.java,Type_7_Agnostic_Simple,Solution 1,5,10,5.0,6/6,10.0,2
P24,Check_for_BST,correct_1.java,Type_1_Original,Solution 1,6,6,10.0,6/6,10.0,6
P24,Check_for_BST,correct_1.java,Type_2_Agnostic,Solution 1,9,10,9.0,6/6,10.0,5
P24,Check_for_BST,correct_1.java,Type_3_Degraded_10,Solution 1,5,5,10.0,6/6,10.0,5
P24,Check_for_BST,correct_1.java,Type_4_Degraded_30,Solution 1,4,4,10.0,6/6,10.0,4
P24,Check_for_BST,correct_1.java,Type_5_Error_10,Solution 1,5,6,8.33,6/6,10.0,6
P24,Check_for_BST,correct_1.java,Type_6_Error_30,Solution 1,6,6,10.0,6/6,10.0,6
P24,Check_for_BST,correct_1.java,Type_7_Agnostic_Simple,Solution 1,10,10,10.0,6/6,10.0,2
P24,Check_for_BST,correct_2.java,Type_1_Original,Solution 2,5,5,10.0,6/6,10.0,5
P24,Check_for_BST,correct_2.java,Type_2_Agnostic,Solution 1,9,10,9.0,6/6,10.0,5
P24,Check_for_BST,correct_2.java,Type_3_Degraded_10,Solution 2,4,4,10.0,6/6,10.0,4
P24,Check_for_BST,correct_2.java,Type_4_Degraded_30,Solution 2,3,3,10.0,6/6,10.0,3
P24,Check_for_BST,correct_2.java,Type_5_Error_10,Solution 2,5,5,10.0,6/6,10.0,5
P24,Check_for_BST,correct_2.java,Type_6_Error_30,Solution 2,4,5,8.0,6/6,10.0,5
P24,Check_for_BST,correct_2.java,Type_7_Agnostic_Simple,Solution 1,9,10,9.0,6/6,10.0,2
P24,Check_for_BST,correct_3.java,Type_1_Original,Solution 1,6,6,10.0,6/6,10.0,6
P24,Check_for_BST,correct_3.java,Type_2_Agnostic,Solution 1,9,10,9.0,6/6,10.0,5
P24,Check_for_BST,correct_3.java,Type_3_Degraded_10,Solution 1,5,5,10.0,6/6,10.0,5
P24,Check_for_BST,correct_3.java,Type_4_Degraded_30,Solution 1,4,4,10.0,6/6,10.0,4
P24,Check_for_BST,correct_3.java,Type_5_Error_10,Solution 1,5,6,8.33,6/6,10.0,6
P24,Check_for_BST,correct_3.java,Type_6_Error_30,Solution 1,6,6,10.0,6/6,10.0,6
P24,Check_for_BST,correct_3.java,Type_7_Agnostic_Simple,Solution 1,10,10,10.0,6/6,10.0,2
P24,Check_for_BST,TLE.java,Type_1_Original,Solution 1,2,6,3.33,2/6,3.33,6
P24,Check_for_BST,TLE.java,Type_2_Agnostic,Solution 1,7,10,7.0,2/6,3.33,5
P24,Check_for_BST,TLE.java,Type_3_Degraded_10,Solution 1,0,5,0.0,2/6,3.33,5
P24,Check_for_BST,TLE.java,Type_4_Degraded_30,Solution 1,1,4,2.5,2/6,3.33,4
P24,Check_for_BST,TLE.java,Type_5_Error_10,Solution 1,0,6,0.0,2/6,3.33,6
P24,Check_for_BST,TLE.java,Type_6_Error_30,Solution 1,2,6,3.33,2/6,3.33,6
P24,Check_for_BST,TLE.java,Type_7_Agnostic_Simple,Solution 1,6,10,6.0,2/6,3.33,2
P24,Check_for_BST,wrong.java,Type_1_Original,Solution 1,0,6,0.0,2/6,3.33,6
P24,Check_for_BST,wrong.java,Type_2_Agnostic,Solution 1,5,10,5.0,2/6,3.33,5
P24,Check_for_BST,wrong.java,Type_3_Degraded_10,Solution 1,0,5,0.0,2/6,3.33,5
P24,Check_for_BST,wrong.java,Type_4_Degraded_30,Solution 1,1,4,2.5,2/6,3.33,4
P24,Check_for_BST,wrong.java,Type_5_Error_10,Solution 1,0,6,0.0,2/6,3.33,6
P24,Check_for_BST,wrong.java,Type_6_Error_30,Solution 1,2,6,3.33,2/6,3.33,6
P24,Check_for_BST,wrong.java,Type_7_Agnostic_Simple,Solution 1,5,10,5.0,2/6,3.33,2
P25,Minimum_distance_between_two_given_nodes_of_a_binary_tree,compilation_error.java,Type_1_Original,Solution 2,11,12,9.17,11/12,9.17,12
P25,Minimum_distance_between_two_given_nodes_of_a_binary_tree,compilation_error.java,Type_2_Agnostic,Solution 1,6,10,6.0,11/12,9.17,5
P25,Minimum_distance_between_two_given_nodes_of_a_binary_tree,compilation_error.java,Type_3_Degraded_10,Solution 2,10,11,9.09,11/12,9.17,11
P25,Minimum_distance_between_two_given_nodes_of_a_binary_tree,compilation_error.java,Type_4_Degraded_30,Solution 2,7,8,8.75,11/12,9.17,8
P25,Minimum_distance_between_two_given_nodes_of_a_binary_tree,compilation_error.java,Type_5_Error_10,Solution 2,11,12,9.17,11/12,9.17,12
P25,Minimum_distance_between_two_given_nodes_of_a_binary_tree,compilation_error.java,Type_6_Error_30,Solution 2,8,12,6.67,11/12,9.17,12
P25,Minimum_distance_between_two_given_nodes_of_a_binary_tree,compilation_error.java,Type_7_Agnostic_Simple,Solution 1,5,10,5.0,11/12,9.17,2
P25,Minimum_distance_between_two_given_nodes_of_a_binary_tree,correct_1.java,Type_1_Original,Solution 2,10,12,8.33,11/12,9.17,12
P25,Minimum_distance_between_two_given_nodes_of_a_binary_tree,correct_1.java,Type_2_Agnostic,Solution 1,9,10,9.0,11/12,9.17,5
P25,Minimum_distance_between_two_given_nodes_of_a_binary_tree,correct_1.java,Type_3_Degraded_10,Solution 2,9,11,8.18,11/12,9.17,11
P25,Minimum_distance_between_two_given_nodes_of_a_binary_tree,correct_1.java,Type_4_Degraded_30,Solution 2,8,8,10.0,11/12,9.17,8
P25,Minimum_distance_between_two_given_nodes_of_a_binary_tree,correct_1.java,Type_5_Error_10,Solution 2,10,12,8.33,11/12,9.17,12
P25,Minimum_distance_between_two_given_nodes_of_a_binary_tree,correct_1.java,Type_6_Error_30,Solution 2,8,12,6.67,11/12,9.17,12
P25,Minimum_distance_between_two_given_nodes_of_a_binary_tree,correct_1.java,Type_7_Agnostic_Simple,Solution 1,9,10,9.0,11/12,9.17,2
P25,Minimum_distance_between_two_given_nodes_of_a_binary_tree,correct_2.java,Type_1_Original,Solution 2,12,12,10.0,12/12,10.0,12
P25,Minimum_distance_between_two_given_nodes_of_a_binary_tree,correct_2.java,Type_2_Agnostic,Solution 1,9,10,9.0,12/12,10.0,5
P25,Minimum_distance_between_two_given_nodes_of_a_binary_tree,correct_2.java,Type_3_Degraded_10,Solution 2,11,11,10.0,12/12,10.0,11
P25,Minimum_distance_between_two_given_nodes_of_a_binary_tree,correct_2.java,Type_4_Degraded_30,Solution 2,8,8,10.0,12/12,10.0,8
P25,Minimum_distance_between_two_given_nodes_of_a_binary_tree,correct_2.java,Type_5_Error_10,Solution 2,12,12,10.0,12/12,10.0,12
P25,Minimum_distance_between_two_given_nodes_of_a_binary_tree,correct_2.java,Type_6_Error_30,Solution 2,9,12,7.5,12/12,10.0,12
P25,Minimum_distance_between_two_given_nodes_of_a_binary_tree,correct_2.java,Type_7_Agnostic_Simple,Solution 1,9,10,9.0,12/12,10.0,2
P25,Minimum_distance_between_two_given_nodes_of_a_binary_tree,correct_3.java,Type_1_Original,Solution 2,12,12,10.0,12/12,10.0,12
P25,Minimum_distance_between_two_given_nodes_of_a_binary_tree,correct_3.java,Type_2_Agnostic,Solution 1,9,10,9.0,12/12,10.0,5
P25,Minimum_distance_between_two_given_nodes_of_a_binary_tree,correct_3.java,Type_3_Degraded_10,Solution 2,11,11,10.0,12/12,10.0,11
P25,Minimum_distance_between_two_given_nodes_of_a_binary_tree,correct_3.java,Type_4_Degraded_30,Solution 2,8,8,10.0,12/12,10.0,8
P25,Minimum_distance_between_two_given_nodes_of_a_binary_tree,correct_3.java,Type_5_Error_10,Solution 2,12,12,10.0,12/12,10.0,12
P25,Minimum_distance_between_two_given_nodes_of_a_binary_tree,correct_3.java,Type_6_Error_30,Solution 2,9,12,7.5,12/12,10.0,12
P25,Minimum_distance_between_two_given_nodes_of_a_binary_tree,correct_3.java,Type_7_Agnostic_Simple,Solution 1,9,10,9.0,12/12,10.0,2
P25,Minimum_distance_between_two_given_nodes_of_a_binary_tree,TLE.java,Type_1_Original,Solution 2,0,12,0.0,0/12,0.0,12
P25,Minimum_distance_between_two_given_nodes_of_a_binary_tree,TLE.java,Type_2_Agnostic,Solution 1,5,10,5.0,0/12,0.0,5
P25,Minimum_distance_between_two_given_nodes_of_a_binary_tree,TLE.java,Type_3_Degraded_10,Solution 2,0,11,0.0,0/12,0.0,11
P25,Minimum_distance_between_two_given_nodes_of_a_binary_tree,TLE.java,Type_4_Degraded_30,Solution 2,0,8,0.0,0/12,0.0,8
P25,Minimum_distance_between_two_given_nodes_of_a_binary_tree,TLE.java,Type_5_Error_10,Solution 2,0,12,0.0,0/12,0.0,12
P25,Minimum_distance_between_two_given_nodes_of_a_binary_tree,TLE.java,Type_6_Error_30,Solution 1,0,12,0.0,0/12,0.0,12
P25,Minimum_distance_between_two_given_nodes_of_a_binary_tree,TLE.java,Type_7_Agnostic_Simple,Solution 1,5,10,5.0,0/12,0.0,2
P25,Minimum_distance_between_two_given_nodes_of_a_binary_tree,wrong.java,Type_1_Original,Solution 3,7,12,5.83,8/11,7.27,11
P25,Minimum_distance_between_two_given_nodes_of_a_binary_tree,wrong.java,Type_2_Agnostic,Solution 1,6,10,6.0,8/11,7.27,5
P25,Minimum_distance_between_two_given_nodes_of_a_binary_tree,wrong.java,Type_3_Degraded_10,Solution 3,10,11,9.09,8/11,7.27,10
P25,Minimum_distance_between_two_given_nodes_of_a_binary_tree,wrong.java,Type_4_Degraded_30,Solution 1,8,8,10.0,8/11,7.27,8
P25,Minimum_distance_between_two_given_nodes_of_a_binary_tree,wrong.java,Type_5_Error_10,Solution 3,8,12,6.67,8/11,7.27,11
P25,Minimum_distance_between_two_given_nodes_of_a_binary_tree,wrong.java,Type_6_Error_30,Solution 3,6,12,5.0,8/11,7.27,11
P25,Minimum_distance_between_two_given_nodes_of_a_binary_tree,wrong.java,Type_7_Agnostic_Simple,Solution 1,6,10,6.0,8/11,7.27,2
P01,Largest_product,compilation_error.java,Type_1_Original,Solution 2,0,5,0.0,0/5,0.0,5
P01,Largest_product,compilation_error.java,Type_2_Agnostic,Solution 1,3,10,3.0,0/5,0.0,5
P01,Largest_product,compilation_error.java,Type_3_Degraded_10,Solution 2,0,4,0.0,0/5,0.0,4
P01,Largest_product,compilation_error.java,Type_4_Degraded_30,Solution 2,0,3,0.0,0/5,0.0,3
P01,Largest_product,compilation_error.java,Type_5_Error_10,Solution 2,0,5,0.0,0/5,0.0,5
P01,Largest_product,compilation_error.java,Type_6_Error_30,Solution 2,0,5,0.0,0/5,0.0,5
P01,Largest_product,compilation_error.java,Type_7_Agnostic_Simple,Solution 1,2,10,2.0,0/5,0.0,2
P01,Largest_product,correct_1.java,Type_1_Original,Solution 2,4,5,8.0,4/5,8.0,5
P01,Largest_product,correct_1.java,Type_2_Agnostic,Solution 1,7,10,7.0,4/5,8.0,5
P01,Largest_product,correct_1.java,Type_3_Degraded_10,Solution 2,3,4,7.5,4/5,8.0,4
P01,Largest_product,correct_1.java,Type_4_Degraded_30,Solution 2,3,3,10.0,4/5,8.0,3
P01,Largest_product,correct_1.java,Type_5_Error_10,Solution 2,4,5,8.0,4/5,8.0,5
P01,Largest_product,correct_1.java,Type_6_Error_30,Solution 2,2,5,4.0,4/5,8.0,5
P01,Largest_product,correct_1.java,Type_7_Agnostic_Simple,Solution 1,8,10,8.0,4/5,8.0,2
P01,Largest_product,correct_2.java,Type_1_Original,Solution 1,6,7,8.57,6/7,8.57,6
P01,Largest_product,correct_2.java,Type_2_Agnostic,Solution 1,9,10,9.0,6/7,8.57,5
P01,Largest_product,correct_2.java,Type_3_Degraded_10,Solution 1,5,6,8.33,6/7,8.57,5
P01,Largest_product,correct_2.java,Type_4_Degraded_30,Solution 1,5,5,10.0,6/7,8.57,4
P01,Largest_product,correct_2.java,Type_5_Error_10,Solution 1,6,7,8.57,6/7,8.57,6
P01,Largest_product,correct_2.java,Type_6_Error_30,Solution 4,1,5,2.0,6/7,8.57,5
P01,Largest_product,correct_2.java,Type_7_Agnostic_Simple,Simple Agnostic Evaluation Rubric,10,10,10.0,6/7,8.57,2
P01,Largest_product,correct_3.java,Type_1_Original,Solution 1,7,7,10.0,7/7,10.0,6
P01,Largest_product,correct_3.java,Type_2_Agnostic,Solution 1,9,10,9.0,7/7,10.0,5
P01,Largest_product,correct_3.java,Type_3_Degraded_10,Solution 1,6,6,10.0,7/7,10.0,5
P01,Largest_product,correct_3.java,Type_4_Degraded_30,Solution 1,5,5,10.0,7/7,10.0,4
P01,Largest_product,correct_3.java,Type_5_Error_10,Solution 1,7,7,10.0,7/7,10.0,6
P01,Largest_product,correct_3.java,Type_6_Error_30,Solution 1,5,7,7.14,7/7,10.0,6
P01,Largest_product,correct_3.java,Type_7_Agnostic_Simple,Simple Agnostic Evaluation Rubric,10,10,10.0,7/7,10.0,2
P01,Largest_product,TLE.java,Type_1_Original,Solution 2,2,5,4.0,1/5,2.0,5
P01,Largest_product,TLE.java,Type_2_Agnostic,Solution 1,5,10,5.0,1/5,2.0,5
P01,Largest_product,TLE.java,Type_3_Degraded_10,Solution 2,1,4,2.5,1/5,2.0,4
P01,Largest_product,TLE.java,Type_4_Degraded_30,Solution 2,0,3,0.0,1/5,2.0,3
P01,Largest_product,TLE.java,Type_5_Error_10,Solution 2,2,5,4.0,1/5,2.0,5
P01,Largest_product,TLE.java,Type_6_Error_30,Solution 2,0,5,0.0,1/5,2.0,5
P01,Largest_product,TLE.java,Type_7_Agnostic_Simple,Solution 1,3,10,3.0,1/5,2.0,2
P01,Largest_product,wrong.java,Type_1_Original,Solution 2,0,5,0.0,0/5,0.0,5
P01,Largest_product,wrong.java,Type_2_Agnostic,Solution 1,2,10,2.0,0/5,0.0,5
P01,Largest_product,wrong.java,Type_3_Degraded_10,Solution 2,0,4,0.0,0/5,0.0,4
P01,Largest_product,wrong.java,Type_4_Degraded_30,Solution 2,0,3,0.0,0/5,0.0,3
P01,Largest_product,wrong.java,Type_5_Error_10,Solution 2,0,5,0.0,0/5,0.0,5
P01,Largest_product,wrong.java,Type_6_Error_30,Solution 2,0,5,0.0,0/5,0.0,5
P01,Largest_product,wrong.java,Type_7_Agnostic_Simple,Solution 1,4,10,4.0,0/5,0.0,2
P10,Nth_Fibonacci_Number,compilation_error.java,Type_1_Original,Solution 1,4,4,10.0,4/4,10.0,3
P10,Nth_Fibonacci_Number,compilation_error.java,Type_2_Agnostic,Solution 1,8,10,8.0,4/4,10.0,5
P10,Nth_Fibonacci_Number,compilation_error.java,Type_3_Degraded_10,Solution 1,4,4,10.0,4/4,10.0,3
P10,Nth_Fibonacci_Number,compilation_error.java,Type_4_Degraded_30,Solution 1,2,2,10.0,4/4,10.0,2
P10,Nth_Fibonacci_Number,compilation_error.java,Type_5_Error_10,Solution 1,4,4,10.0,4/4,10.0,3
P10,Nth_Fibonacci_Number,compilation_error.java,Type_6_Error_30,Solution 1,1,4,2.5,4/4,10.0,3
P10,Nth_Fibonacci_Number,compilation_error.java,Type_7_Agnostic_Simple,Solution 1,9,10,9.0,4/4,10.0,2
P10,Nth_Fibonacci_Number,correct_1.java,Type_1_Original,Solution 1,4,4,10.0,4/4,10.0,3
P10,Nth_Fibonacci_Number,correct_1.java,Type_2_Agnostic,Solution 1,9,10,9.0,4/4,10.0,5
P10,Nth_Fibonacci_Number,correct_1.java,Type_3_Degraded_10,Solution 1,4,4,10.0,4/4,10.0,3
P10,Nth_Fibonacci_Number,correct_1.java,Type_4_Degraded_30,Solution 1,2,2,10.0,4/4,10.0,2
P10,Nth_Fibonacci_Number,correct_1.java,Type_5_Error_10,Solution 1,4,4,10.0,4/4,10.0,3
P10,Nth_Fibonacci_Number,correct_1.java,Type_6_Error_30,Solution 1,1,4,2.5,4/4,10.0,3
P10,Nth_Fibonacci_Number,correct_1.java,Type_7_Agnostic_Simple,Solution 1,9,10,9.0,4/4,10.0,2
P10,Nth_Fibonacci_Number,correct_2.java,Type_1_Original,Solution 1,4,4,10.0,4/4,10.0,3
P10,Nth_Fibonacci_Number,correct_2.java,Type_2_Agnostic,Solution 1,9,10,9.0,4/4,10.0,5
P10,Nth_Fibonacci_Number,correct_2.java,Type_3_Degraded_10,Solution 1,4,4,10.0,4/4,10.0,3
P10,Nth_Fibonacci_Number,correct_2.java,Type_4_Degraded_30,Solution 1,2,2,10.0,4/4,10.0,2
P10,Nth_Fibonacci_Number,correct_2.java,Type_5_Error_10,Solution 1,4,4,10.0,4/4,10.0,3
P10,Nth_Fibonacci_Number,correct_2.java,Type_6_Error_30,Solution 1,1,4,2.5,4/4,10.0,3
P10,Nth_Fibonacci_Number,correct_2.java,Type_7_Agnostic_Simple,Solution 1,9,10,9.0,4/4,10.0,2
P10,Nth_Fibonacci_Number,correct_3.java,Type_1_Original,Solution 1,4,4,10.0,4/4,10.0,3
P10,Nth_Fibonacci_Number,correct_3.java,Type_2_Agnostic,Solution 1,9,10,9.0,4/4,10.0,5
P10,Nth_Fibonacci_Number,correct_3.java,Type_3_Degraded_10,Solution 1,4,4,10.0,4/4,10.0,3
P10,Nth_Fibonacci_Number,correct_3.java,Type_4_Degraded_30,Solution 1,2,2,10.0,4/4,10.0,2
P10,Nth_Fibonacci_Number,correct_3.java,Type_5_Error_10,Solution 1,4,4,10.0,4/4,10.0,3
P10,Nth_Fibonacci_Number,correct_3.java,Type_6_Error_30,Solution 1,1,4,2.5,4/4,10.0,3
P10,Nth_Fibonacci_Number,correct_3.java,Type_7_Agnostic_Simple,Solution 1,9,10,9.0,4/4,10.0,2
P10,Nth_Fibonacci_Number,TLE.java,Type_1_Original,Solution 1,0,4,0.0,3/4,7.5,3
P10,Nth_Fibonacci_Number,TLE.java,Type_2_Agnostic,Solution 1,3,10,3.0,3/4,7.5,5
P10,Nth_Fibonacci_Number,TLE.java,Type_3_Degraded_10,Solution 1,0,4,0.0,3/4,7.5,3
P10,Nth_Fibonacci_Number,TLE.java,Type_4_Degraded_30,Solution 1,0,2,0.0,3/4,7.5,2
P10,Nth_Fibonacci_Number,TLE.java,Type_5_Error_10,Solution 1,0,4,0.0,3/4,7.5,3
P10,Nth_Fibonacci_Number,TLE.java,Type_6_Error_30,Solution 1,0,4,0.0,3/4,7.5,3
P10,Nth_Fibonacci_Number,TLE.java,Type_7_Agnostic_Simple,Solution 1,4,10,4.0,3/4,7.5,2
P10,Nth_Fibonacci_Number,wrong.java,Type_1_Original,Solution 1,2,4,5.0,3/4,7.5,3
P10,Nth_Fibonacci_Number,wrong.java,Type_2_Agnostic,Solution 1,4,10,4.0,3/4,7.5,5
P10,Nth_Fibonacci_Number,wrong.java,Type_3_Degraded_10,Solution 1,3,4,7.5,3/4,7.5,3
P10,Nth_Fibonacci_Number,wrong.java,Type_4_Degraded_30,Solution 1,1,2,5.0,3/4,7.5,2
P10,Nth_Fibonacci_Number,wrong.java,Type_5_Error_10,Solution 1,2,4,5.0,3/4,7.5,3
P10,Nth_Fibonacci_Number,wrong.java,Type_6_Error_30,Solution 1,1,4,2.5,3/4,7.5,3
P10,Nth_Fibonacci_Number,wrong.java,Type_7_Agnostic_Simple,Solution 1,5,10,5.0,3/4,7.5,2
